"序号","笔记ID","作者","作者主页","标题","点赞数","收藏数","评论数","分享数","发布时间","笔记描述","主题","笔记链接","图片链接","视频链接","cookie"
1,"69bb9866000000001a02ae01","papi酱","https://www.xiaohongshu.com/user/profile/59b62f1550c4b47fbfa368d9","走过路过不要错过！欢迎来到——富人直播间","8.4万","4825","5741","3.9万","2026/03/19","走过路过，不要错过！我们的品质，普普通通，我们的价格，没有极限，欢迎来到——富人直播间！（纯属虚构，如有冒犯，先道歉🙇🏻‍♀️","[]","https://www.xiaohongshu.com/user/profile/59b62f1550c4b47fbfa368d9/69bb9866000000001a02ae01?xsec_token=ABg2bKC0KpZPStC_XsF2mXo7ELj0VO0Vz2CGSq6e5kGZc=&xsec_source=pc_user","[""https://sns-webpic-qc.xhscdn.com/202603230133/7a58a2527e0c1f509869f28b8ffe8f20/spectrum/1040g34o31tssf2e60s1049pjunnhaq6p3obpl5g!nd_dft_wlteh_webp_3""]","https://sns-video-hs.xhscdn.com/stream/1/110/259/01e9bb949f20f0df010370039d04cd8812_259.mp4","gid=yYSyDqyj0KlSyYSyDqyjWlEq4fu4VWdY6h8ihIWVFlqVK4287qUYuq888q4YW4y8j4YddWyW; x-user-id-creator.xiaohongshu.com=63b6bf2300000000270280cb; customerClientId=098236509883012; web_session=040069b2c2fc6bccd09d650eca3a4b46cc9d0e; abRequestId=20b4bd66-3b1e-5cf0-a84d-45c84d71285f; a1=19af7d730873am7iih16vg6oeo0ymoh1h889ddv2050000304815; webId=2f971f9fc2ccc73a721280711db5d2db; xsecappid=xhs-pc-web; webBuild=6.1.2; acw_tc=0a00d49317742007557672644e6dfa517e7509ddea7298af88693e03880d40; acw_tc=0a8f06d917742007582705516e5952ea9d64c22b286b422a1830a4dd669392; websectiga=6169c1e84f393779a5f7de7303038f3b47a78e47be716e7bec57ccce17d45f99; sec_poison_id=e34276b9-7e25-4758-95e9-0d1851819f3e; unread={%22ub%22:%2269b7e6b7000000001a020e32%22%2C%22ue%22:%2269b38d500000000023016c0f%22%2C%22uc%22:51}; loadts=1774200795055"
2,"69b29b8c0000000015023346","papi酱","https://www.xiaohongshu.com/user/profile/59b62f1550c4b47fbfa368d9","购物就要一步到位！这几个品类买它们就对了","1.3万","4685","692","523","2026/03/12","【本期客户舒服到不想起床】
#亚朵星球深睡控温被夏季Pro3[话题]#","[""#亚朵星球深睡控温被夏季Pro3""]","https://www.xiaohongshu.com/user/profile/59b62f1550c4b47fbfa368d9/69b29b8c0000000015023346?xsec_token=AB0Wau39l-wg7G8DAKVXl3iQWJC_7NPbmBmoms8yCPN-Q=&xsec_source=pc_user","[""https://sns-webpic-qc.xhscdn.com/202603230133/9d593fb454c1b854a4302a098684214b/spectrum/1040g34o31tk314lumi1049pjunnhaq6plf7e35g!nd_dft_wlteh_webp_3""]","https://sns-video-hs.xhscdn.com/stream/79/110/259/01e9b29acf48d6c5010370039ce1b4f8fa_259.mp4",""
3,"69b0f66d000000001d027f8f","papi酱","https://www.xiaohongshu.com/user/profile/59b62f1550c4b47fbfa368d9","热烈欢迎瞿颖姐姐！","10万+","3.6万","1.5万","8.7万","2026/03/11","看看@瞿颖 她带来多少便宜货！
【本期客户集合三种明星成分】
#欧莱雅超水光精华[话题]#","[""#欧莱雅超水光精华""]","https://www.xiaohongshu.com/user/profile/59b62f1550c4b47fbfa368d9/69b0f66d000000001d027f8f?xsec_token=ABJlB0oIGZCsBu2Y1qeqk6QMLFFUcqGBiykdbjyU8mXy4=&xsec_source=pc_user","[""https://sns-webpic-qc.xhscdn.com/202603230133/6b80e9d937201f2b9c59e4ff76136ec7/spectrum/1040g0k031tidlf33l60g49pjunnhaq6p8ees48g!nd_dft_wlteh_webp_3""]","https://sns-video-hs.xhscdn.com/stream/1/110/259/01e9b0f059c5e8e8010370039cdb504030_259.mp4",""
4,"69ae3cfa000000001d012713","papi酱","https://www.xiaohongshu.com/user/profile/59b62f1550c4b47fbfa368d9","好气色！好脸色！我们近期买到的美丽彩妆","1.5万","3991","676","733","2026/03/09","【本期客户上底妆干净又自然】
#PRADA尼龙气垫[话题]#","[""#PRADA尼龙气垫""]","https://www.xiaohongshu.com/user/profile/59b62f1550c4b47fbfa368d9/69ae3cfa000000001d012713?xsec_token=ABRYZvk0Gyf74NpNoWIHOwvNojMdSi6Dpmf9Gsli_ZFbI=&xsec_source=pc_user","[""https://sns-webpic-qc.xhscdn.com/202603230133/f65acb5731cc9954fcd97b13e4fef6de/spectrum/1040g34o31tfqodou561049pjunnhaq6pc3sqgpo!nd_dft_wlteh_webp_3""]","https://sns-video-hs.xhscdn.com/stream/1/110/259/01e9ae3cc7c6149c010370039cd0a70fd0_259.mp4",""
5,"69a00cbf000000001b014ca6","papi酱","https://www.xiaohongshu.com/user/profile/59b62f1550c4b47fbfa368d9","又来海南翻包啦！我快把家搬过来啦😂","9279","2587","597","415","2026/02/26","【本期客户晒黑不怕】
#妮维雅630双能瓶[话题]#","[""#妮维雅630双能瓶""]","https://www.xiaohongshu.com/user/profile/59b62f1550c4b47fbfa368d9/69a00cbf000000001b014ca6?xsec_token=ABbNoZb8o3x5uNLGXRHm7cKRgfq66-F7PumMgZl18M7TM=&xsec_source=pc_user","[""https://sns-webpic-qc.xhscdn.com/202603230133/d97bea87c528c3de24353faf92fb1993/spectrum/1040g0k031t1utqtfl60049pjunnhaq6p9qre9n8!nd_dft_wlteh_webp_3""]","https://sns-video-hs.xhscdn.com/stream/1/110/259/01e9a017f07cc605010370039c9963bcff_259.mp4",""
6,"699fd083000000001b016f3f","papi酱","https://www.xiaohongshu.com/user/profile/59b62f1550c4b47fbfa368d9","过敏换来的血泪史！我在海南用的防晒用品","1.9万","1万","1305","1247","2026/02/26","【本期客户小孩下海必备】","[]","https://www.xiaohongshu.com/user/profile/59b62f1550c4b47fbfa368d9/699fd083000000001b016f3f?xsec_token=ABAp4buAqACUTVgW1wEYqhJI3DtgIxWEubOQFYZTk93tw=&xsec_source=pc_user","[""https://sns-webpic-qc.xhscdn.com/202603230133/ebcf20d5cf23d6548f3d1035cffef136/spectrum/1040g34o31t1m73lm5a1049pjunnhaq6p9bon8fo!nd_dft_wlteh_webp_3""]","https://sns-video-hs.xhscdn.com/stream/79/110/259/01e99fc2fc4d35f7010370039c984bfa88_259.mp4",""
7,"698ecc0a000000001b014e48","papi酱","https://www.xiaohongshu.com/user/profile/59b62f1550c4b47fbfa368d9","热烈欢迎沈凌！","4.5万","4757","3316","4646","2026/02/13","到底是什么好东西能让“尊敬的@沈凌 老师”永葆青春？！（其实这期的关键词是Sandy～
【本期视频真的没有广】","[]","https://www.xiaohongshu.com/user/profile/59b62f1550c4b47fbfa368d9/698ecc0a000000001b014e48?xsec_token=ABYEs6lK3b7Rf7J5zKZmXdPFM8U-nmMl0uhYlWqvl-ndI=&xsec_source=pc_user","[""https://sns-webpic-qc.xhscdn.com/202603230133/76728d52c2d24b015a4e4c5eec75fcf0/spectrum/1040g34o31sh4fsp85c1049pjunnhaq6prg0qqv8!nd_dft_wlteh_webp_3""]","https://sns-video-hs.xhscdn.com/stream/1/110/259/01e98ec660b784e5010370039c55d91b50_259.mp4",""
8,"698c1c590000000016009193","papi酱","https://www.xiaohongshu.com/user/profile/59b62f1550c4b47fbfa368d9","海南的民宿也要当成家！（我知道我很事儿啦","3.9万","7668","2424","2608","2026/02/12","【本期视频无广】","[]","https://www.xiaohongshu.com/user/profile/59b62f1550c4b47fbfa368d9/698c1c590000000016009193?xsec_token=ABRnGRJ-Y3vhw5KDdfmCFz5KrSrTM7hgEVFTkKGQ6Bk90=&xsec_source=pc_user","[""https://sns-webpic-qc.xhscdn.com/202603230133/42d231b6fbaaf46ac5063442bcb6e688/spectrum/1040g0k031sfv2bssla0049pjunnhaq6p806tkb0!nd_dft_wlteh_webp_3""]","https://sns-video-hs.xhscdn.com/stream/79/110/259/01e98c1c5a2f24a7010370039c4b55e240_259.mp4",""
9,"6982ef39000000002202dccf","papi酱","https://www.xiaohongshu.com/user/profile/59b62f1550c4b47fbfa368d9","要过年啦！过年期间助我状态在线的好物！✨","1.7万","2312","1091","462","2026/02/04","【本期客户精雕我的下颌线】
#兰蔻塑颜精雕面霜[话题]#","[""#兰蔻塑颜精雕面霜""]","https://www.xiaohongshu.com/user/profile/59b62f1550c4b47fbfa368d9/6982ef39000000002202dccf?xsec_token=ABYtOnh7NH6hjAy6ri3Vk9b70psWcLzGzBeNH7FZDQA8c=&xsec_source=pc_user","[""https://sns-webpic-qc.xhscdn.com/202603230133/b9f0d3e16130ffb453f4ddd0d3be5568/spectrum/1040g0k031s5hh8715a0049pjunnhaq6ppod3i98!nd_dft_wlteh_webp_3""]","https://sns-video-hs.xhscdn.com/stream/1/110/259/01e982ef1bb7808b010370039c277e1801_259.mp4",""
10,"698adccf0000000015033d84","papi酱","https://www.xiaohongshu.com/user/profile/59b62f1550c4b47fbfa368d9","【搞笑】小pa的年度爱用物大盘点","10万+","5561","3175","1.4万","2026/02/10","（每一个都超——级爱！（本期视频全都是自用分享，绝无广子哦～","[]","https://www.xiaohongshu.com/user/profile/59b62f1550c4b47fbfa368d9/698adccf0000000015033d84?xsec_token=ABavYoOWtxOmMemEx7r42id5iCS3LEtKDa1l9ZcBNpODw=&xsec_source=pc_user","[""https://sns-webpic-qc.xhscdn.com/202603230133/6521632dc5f3f3667c7d89d1760fb773/spectrum/1040g0k031sd9214blc0049pjunnhaq6pii10b68!nd_dft_wlteh_webp_3""]","https://sns-video-hs.xhscdn.com/stream/79/110/259/01e98adbb245e8c4010370039c4670f3be_259.mp4",""
11,"698409dd0000000022023f8c","papi酱","https://www.xiaohongshu.com/user/profile/59b62f1550c4b47fbfa368d9","再挑剔的中咪，也搞不过他那会买的美丽妈妈","2.5万","3098","1481","853","2026/02/05","【本期客户噬甜也不怕】
#袋鼠妈妈抗糖防蛀牙膏[话题]#","[""#袋鼠妈妈抗糖防蛀牙膏""]","https://www.xiaohongshu.com/user/profile/59b62f1550c4b47fbfa368d9/698409dd0000000022023f8c?xsec_token=ABJ-L64c4SkQzZ5-j1qjRSgU3mdYOfre4nxZoDCWMA1M4=&xsec_source=pc_user","[""https://sns-webpic-qc.xhscdn.com/202603230133/4916f0c4141e05685d46f90230d29422/spectrum/1040g0k031s5hejh45a0049pjunnhaq6p6vqp980!nd_dft_wlteh_webp_3""]","https://sns-video-hs.xhscdn.com/stream/1/110/259/01e982ed23b7a2fd010370039c2bcbde44_259.mp4",""
12,"698494de0000000022033fe3","papi酱","https://www.xiaohongshu.com/user/profile/59b62f1550c4b47fbfa368d9","马上过春节了！新的一年当然要容光焕发！","1.2万","2103","628","438","2026/02/05","【本期视频有一位客户奢养我的发】
#卡诗元气姜精华[话题]#","[""#卡诗元气姜精华""]","https://www.xiaohongshu.com/user/profile/59b62f1550c4b47fbfa368d9/698494de0000000022033fe3?xsec_token=ABJ-L64c4SkQzZ5-j1qjRSgYCC3owT3_8phLvfE2wGXzQ=&xsec_source=pc_user","[""https://sns-webpic-qc.xhscdn.com/202603230133/434bd9a400966f8d28160180aa7c3adb/spectrum/1040g34o31s757jtt561049pjunnhaq6pto8eajo!nd_dft_wlteh_webp_3""]","https://sns-video-hs.xhscdn.com/stream/1/110/259/01e98494de9d0bd7010370039c2debebaa_259.mp4",""
13,"697c846d000000002200aff6","papi酱","https://www.xiaohongshu.com/user/profile/59b62f1550c4b47fbfa368d9","旅行也要舒舒服服 | 我住民宿的必备好物","1.8万","4195","2636","699","2026/01/30","【本期视频由一位洗衣搭子赞助播出】
#贝克曼博士洗衣片[话题]#","[""#贝克曼博士洗衣片""]","https://www.xiaohongshu.com/user/profile/59b62f1550c4b47fbfa368d9/697c846d000000002200aff6?xsec_token=ABVv2RyPJ_XAQAwtkJWRakhKzRGiIkR8mTUxLpuJRMm8M=&xsec_source=pc_user","[""https://sns-webpic-qc.xhscdn.com/202603230133/1428516912d0848edaed19e7e282049e/spectrum/1040g0k031rv95qv6ji0049pjunnhaq6pftu6g30!nd_dft_wlteh_webp_3""]","https://sns-video-hs.xhscdn.com/stream/79/110/259/01e97c82ef34d5e4010370039c0e6a46d3_259.mp4",""
14,"697847fa000000002202256f","papi酱","https://www.xiaohongshu.com/user/profile/59b62f1550c4b47fbfa368d9","热烈欢迎谢依霖！来看看她的疗愈好物！","7.7万","6915","5325","1.6万","2026/01/27","（原来她平时都是这样放松身心让自己快乐的🤔️（这期有些地方有点那个😳
【本期视频无广纯疗愈】","[]","https://www.xiaohongshu.com/user/profile/59b62f1550c4b47fbfa368d9/697847fa000000002202256f?xsec_token=ABW1m9jriNkuhweiGiEEp2Nnq0K-0rrKpY4BzXDHyYwJ4=&xsec_source=pc_user","[""https://sns-webpic-qc.xhscdn.com/202603230133/419043e61506e352107dd12917b6cac6/spectrum/1040g34o31rr2cfhji81049pjunnhaq6pdhmqi50!nd_dft_wlteh_webp_3""]","https://sns-video-hs.xhscdn.com/stream/1/110/259/01e97844a11a6a09010370039bfde500bb_259.mp4",""
15,"696859eb000000001a0377fc","papi酱","https://www.xiaohongshu.com/user/profile/59b62f1550c4b47fbfa368d9","新年新货色！护肤品们新年都给我卷起来！！","1.1万","3347","981","459","2026/01/16","【本期视频有一位客户为您解忧】","[]","https://www.xiaohongshu.com/user/profile/59b62f1550c4b47fbfa368d9/696859eb000000001a0377fc?xsec_token=ABosl_Yju_28bUthOBnRGfEABGDVmQVG6kiqcfzoHicqk=&xsec_source=pc_user","[""https://sns-webpic-qc.xhscdn.com/202603230133/6062d2e29ea1b962c2bf4bd32b985b23/spectrum/1040g0k031rbipnprn07049pjunnhaq6p0qkm2p0!nd_dft_wlteh_webp_3""]","https://sns-video-hs.xhscdn.com/stream/79/110/259/01e969d558ed77ca010370039bc56e3354_259.mp4",""
16,"6968ac140000000022031ebf","papi酱","https://www.xiaohongshu.com/user/profile/59b62f1550c4b47fbfa368d9","新的一年！新的！饮品品鉴大会！","8万","1.2万","3437","3784","2026/01/15","【本期视频客户好好喝啊】
#金典鲜活纯牛奶[话题]#","[""#金典鲜活纯牛奶""]","https://www.xiaohongshu.com/user/profile/59b62f1550c4b47fbfa368d9/6968ac140000000022031ebf?xsec_token=ABosl_Yju_28bUthOBnRGfEK61ZKeaCeCtF6TS7HtDNog=&xsec_source=pc_user","[""https://sns-webpic-qc.xhscdn.com/202603230133/07f3dbed84cc365ccbd5293745d80efb/spectrum/1040g0k031ral152che0049pjunnhaq6p35gtgkg!nd_dft_wlteh_webp_3""]","https://sns-video-hs.xhscdn.com/stream/1/110/259/01e9676873073bb6010370039bc0e472ab_259.mp4",""
17,"6968bf7c000000002102a9e6","papi酱","https://www.xiaohongshu.com/user/profile/59b62f1550c4b47fbfa368d9","【搞笑】访谈现场小pa愤然离席，何以至此？","3.8万","1514","1452","1795","2026/01/15","请看本期精彩节目👏","[]","https://www.xiaohongshu.com/user/profile/59b62f1550c4b47fbfa368d9/6968bf7c000000002102a9e6?xsec_token=ABosl_Yju_28bUthOBnRGfEKIZRUwo8lwf9ZdPnXS5OEk=&xsec_source=pc_user","[""https://sns-webpic-qc.xhscdn.com/202603230133/7ca999dbb08b10192dce701b3c4421ee/spectrum/1040g34o31rbvit6o701049pjunnhaq6pt4sf630!nd_dft_wlteh_webp_3""]","https://sns-video-hs.xhscdn.com/stream/79/110/259/01e968ba4137ab9a010370039bc12e78a4_259.mp4",""
18,"69607a0e000000001a025bd2","papi酱","https://www.xiaohongshu.com/user/profile/59b62f1550c4b47fbfa368d9","录制前的翻包｜出差才两天，带了那～～么多","1.6万","3736","924","361","2026/01/12","【本期有一位熬夜也不怕的客户】
#枫缇夜间超能精华[话题]#","[""#枫缇夜间超能精华""]","https://www.xiaohongshu.com/user/profile/59b62f1550c4b47fbfa368d9/69607a0e000000001a025bd2?xsec_token=ABXki5w1iMTuP0yYa-D3qX4ghUIb-Mo3sIu6drAD_tPJI=&xsec_source=pc_user","[""https://sns-webpic-qc.xhscdn.com/202603230133/e698aff3c21e6a55cbba5421d32bc8e7/spectrum/1040g34o31r3t341ln20g49pjunnhaq6pe6nsdbo!nd_dft_wlteh_webp_3""]","https://sns-video-hs.xhscdn.com/stream/1/110/259/01e9607a0edb5814010370039ba0e41450_259.mp4",""
19,"695f50b6000000001a02a9dd","papi酱","https://www.xiaohongshu.com/user/profile/59b62f1550c4b47fbfa368d9","请看！这些是我家里的舒适区","1.9万","4094","889","803","2026/01/13","【本期视频客户让睡衣回归睡眠】
#亚朵星球深睡睡衣[话题]#","[""#亚朵星球深睡睡衣""]","https://www.xiaohongshu.com/user/profile/59b62f1550c4b47fbfa368d9/695f50b6000000001a02a9dd?xsec_token=ABl6W3KOvt9Euh19jUQ1PmjFJ0DjcSMtAmdqjDxHOjK3s=&xsec_source=pc_user","[""https://sns-webpic-qc.xhscdn.com/202603230133/d716f553af7dbd994e8148df9ab7166f/spectrum/1040g34o31r2muqjdgm1049pjunnhaq6pgkpq8f0!nd_dft_wlteh_webp_3""]","https://sns-video-hs.xhscdn.com/stream/79/110/259/01e9660e9e34ebf6010370039bb6ac943f_259.mp4",""
20,"695e0735000000002200baf8","papi酱","https://www.xiaohongshu.com/user/profile/59b62f1550c4b47fbfa368d9","热烈欢迎杨迪！","5.9万","5628","3980","9843","2026/01/07","“综艺一哥” @杨迪 不仅人好笑，带来的好物也好好玩！
【本期视频有恰零食没恰饭】","[]","https://www.xiaohongshu.com/user/profile/59b62f1550c4b47fbfa368d9/695e0735000000002200baf8?xsec_token=ABF0RgbYg3gPU4Qg75IsM42lrwLRxuFUlWgK6mM0D68iI=&xsec_source=pc_collect","[""https://sns-webpic-qc.xhscdn.com/202603230133/9ff45fb26f1e656b1f7c5c266638db1d/spectrum/1040g0k031r1f3lcr720049pjunnhaq6pjl6o9qo!nd_dft_wlteh_webp_3""]","https://sns-video-hs.xhscdn.com/stream/1/110/259/01e95e048404a4f2010370039b975b5f1a_259.mp4",""
21,"695c8275000000001a030410","papi酱","https://www.xiaohongshu.com/user/profile/59b62f1550c4b47fbfa368d9","太当家了！这些“牌柱子”至今我们都超爱！","1.3万","3247","561","360","2026/01/28","【本期视频由一位皇后赞助播出】
#YSL夜皇后精华[话题]#","[""#YSL夜皇后精华""]","https://www.xiaohongshu.com/user/profile/59b62f1550c4b47fbfa368d9/695c8275000000001a030410?xsec_token=AB3RmZ6oSqmR_ImJQsdEoyGknf7DiuuQuh9FvC3LZVAwg=&xsec_source=pc_collect","[""https://sns-webpic-qc.xhscdn.com/202603230133/6d7577b42192650d81f139b9a354bc6a/spectrum/1040g34o31r00fls30m1049pjunnhaq6pgdnres0!nd_dft_wlteh_webp_3""]","https://sns-video-hs.xhscdn.com/stream/1/110/259/01e979b4450fe348010370039c036c497d_259.mp4",""
22,"6954c234000000001e025325","papi酱","https://www.xiaohongshu.com/user/profile/59b62f1550c4b47fbfa368d9","来了来了！2026办公室交换礼物大会来了！","4.4万","3135","3227","4426","2025/12/31","各位新年快乐！
【本期视频无广只交换礼物】","[]","https://www.xiaohongshu.com/user/profile/59b62f1550c4b47fbfa368d9/6954c234000000001e025325?xsec_token=AB99rFAf6kivHYFyEFTAzyAQhi-SqiYg6JBI5vTijoFjM=&xsec_source=pc_collect","[""https://sns-webpic-qc.xhscdn.com/202603230133/100e024235550b3bd4d81afdac467144/spectrum/1040g0k031qnc5ljj6u0049pjunnhaq6pvoqdbro!nd_dft_wlteh_webp_3""]","https://sns-video-hs.xhscdn.com/stream/79/110/259/01e954c05421319e010370039b731dfe05_259.mp4",""
23,"694cd881000000001e021c8d","papi酱","https://www.xiaohongshu.com/user/profile/59b62f1550c4b47fbfa368d9","热烈欢迎胡彦斌~返场啦！","3.8万","3973","2158","3594","2025/12/25","本期视频又会有哪些好物变成“@胡彦斌 同款”呢？
【本期视频客户我玩到废寝忘食】
#假日乐消消[话题]#","[""#假日乐消消""]","https://www.xiaohongshu.com/user/profile/59b62f1550c4b47fbfa368d9/694cd881000000001e021c8d?xsec_token=ABaBbJ1GtlTl21qznqVSZvYm3S4uNeDY-UpYWeq0rB1sM=&xsec_source=pc_collect","[""https://sns-webpic-qc.xhscdn.com/202603230133/8d82479ac3cda24a80a93fa5b873b2c6/spectrum/1040g34o31qgjkjlo721049pjunnhaq6ptc62qqo!nd_dft_wlteh_webp_3""]","https://sns-video-hs.xhscdn.com/stream/1/110/259/01e94cb9c31f9943010370039b543b6165_259.mp4",""
24,"694cc9cd000000001f009385","papi酱","https://www.xiaohongshu.com/user/profile/59b62f1550c4b47fbfa368d9","方方面面！干干净净！的家居清洁好物！","1.4万","5521","543","814","2025/12/25","【本期视频客户留香30天】
#奥妙五星香护洗衣液[话题]#","[""#奥妙五星香护洗衣液""]","https://www.xiaohongshu.com/user/profile/59b62f1550c4b47fbfa368d9/694cc9cd000000001f009385?xsec_token=ABaBbJ1GtlTl21qznqVSZvYr0r-zBlHrf7owa8Jo73QK0=&xsec_source=pc_user","[""https://sns-webpic-qc.xhscdn.com/202603230133/61d99e3b221abec3a28cd905c8883505/spectrum/1040g34o31qgir1o0n01049pjunnhaq6pdi680t0!nd_dft_wlteh_webp_3""]","https://sns-video-hs.xhscdn.com/stream/79/110/259/01e94cc9cd216fa0010370039b53fbe3b7_259.mp4",""
25,"694920c8000000001b033f24","papi酱","https://www.xiaohongshu.com/user/profile/59b62f1550c4b47fbfa368d9","我在家里特殊情况特殊处理的——清洁好物！","6.3万","3.9万","1663","4517","2025/12/22","【本期视频广告位开放】","[]","https://www.xiaohongshu.com/user/profile/59b62f1550c4b47fbfa368d9/694920c8000000001b033f24?xsec_token=AB1NN6C3vKvMIJCGzAcMn2YpO-8v9UYTq4qKNyu8hjmHw=&xsec_source=pc_user","[""https://sns-webpic-qc.xhscdn.com/202603230133/31d34903bf2f7f57793d40f97085fd16/spectrum/1040g0k031qd1oi3d6u0049pjunnhaq6pdieg3dg!nd_dft_wlteh_webp_3""]","https://sns-video-hs.xhscdn.com/stream/79/110/259/01e94920c8dd4d1a010370039b45ac0b89_259.mp4",""
26,"694a2e10000000001e029f41","papi酱","https://www.xiaohongshu.com/user/profile/59b62f1550c4b47fbfa368d9","怎么什么都没干这一年就结束了啊啊啊啊啊","10万+","2.1万","1.3万","8.7万","2025/12/23","之【我这一年到底干了些啥？】","[]","https://www.xiaohongshu.com/user/profile/59b62f1550c4b47fbfa368d9/694a2e10000000001e029f41?xsec_token=ABM3oRSZLV93ms2hVcpjuqa9V0eHjXPHwWdW4PA76Qgo8=&xsec_source=pc_user","[""https://sns-webpic-qc.xhscdn.com/202603230133/5cb7c137df2ad8d4edcad53bf943a663/spectrum/1040g34o31qe3qeoa0m0g49pjunnhaq6pj2gcigo!nd_dft_wlteh_webp_3""]","https://sns-video-hs.xhscdn.com/stream/79/110/259/01e94a2c502166bb010370039b49c56643_259.mp4",""
27,"6948fd08000000001b026e57","papi酱","https://www.xiaohongshu.com/user/profile/59b62f1550c4b47fbfa368d9","我的夜晚！舒舒服服！穿的用的喝的都好舒服","1万","2056","572","473","2025/12/22","【本期视频客户更新至3.0版本】
#亚朵星球深睡枕Pro3[话题]#","[""#亚朵星球深睡枕Pro3""]","https://www.xiaohongshu.com/user/profile/59b62f1550c4b47fbfa368d9/6948fd08000000001b026e57?xsec_token=ABQI3J4VLFhcXft3vyFDZRQbB9cxmb3SVz6EOkos62Rpg=&xsec_source=pc_user","[""https://sns-webpic-qc.xhscdn.com/202603230133/14851a35467170aff4adc9c376b44121/spectrum/1040g0k031qcqqfr5n00049pjunnhaq6ps8t9m9g!nd_dft_wlteh_webp_3""]","https://sns-video-hs.xhscdn.com/stream/1/110/259/01e948fd08216e1e010370039b45206a84_259.mp4",""
28,"693bf535000000001e0226a6","papi酱","https://www.xiaohongshu.com/user/profile/59b62f1550c4b47fbfa368d9","好用爱用还耐用！能陪伴我很久的生活好物","4.3万","2万","2515","3404","2025/12/12","【本期视频客户钛好用了】
#富光纯钛保温杯[话题]#","[""#富光纯钛保温杯""]","https://www.xiaohongshu.com/user/profile/59b62f1550c4b47fbfa368d9/693bf535000000001e0226a6?xsec_token=ABfh1RA8HRDyXwS7vg64ojQeIU18HpUVwwmmpTHodbl2Q=&xsec_source=pc_user","[""https://sns-webpic-qc.xhscdn.com/202603230133/1ab373671ec16ee28ab74cb455eb8753/spectrum/1040g0k031q0790k6n40049pjunnhaq6pijh6cjo!nd_dft_wlteh_webp_3""]","https://sns-video-hs.xhscdn.com/stream/79/110/259/01e93bf535db4ee0010370039b123a59b5_259.mp4",""
29,"67beeb9a000000001203e2d8","papi酱","https://www.xiaohongshu.com/user/profile/59b62f1550c4b47fbfa368d9","说是买给人类幼崽，但大人觉得也很OK的好物","3.1万","2万","1189","2791","2025/02/26","大人说好，小孩也说👍！
【本期视频没有客户童叟无欺】","[]","https://www.xiaohongshu.com/user/profile/59b62f1550c4b47fbfa368d9/67beeb9a000000001203e2d8?xsec_token=ABaUCGv1Qc7-0tg9E5nVLyWVeNDvlwzCDThPGpK1v8EBE=&xsec_source=pc_user","[""https://sns-webpic-qc.xhscdn.com/202603230133/4a01289ce97f9f7ec235ad861cce4509/spectrum/1040g34o31ec40f3q160g49pjunnhaq6pmasn2fo!nd_dft_wlteh_webp_3""]","https://sns-video-hs.xhscdn.com/stream/1/110/259/01e7beeaa9520955010370039541d07456_259.mp4",""
30,"67bd74b0000000001203f90e","papi酱","https://www.xiaohongshu.com/user/profile/59b62f1550c4b47fbfa368d9","关键词：舒服！！！","1.2万","2163","1563","548","2025/03/20","摸着舒服看着舒服别人瞧见也很舒服的舒服好物分享！
【本期视频无广好舒服】","[]","https://www.xiaohongshu.com/user/profile/59b62f1550c4b47fbfa368d9/67bd74b0000000001203f90e?xsec_token=ABz3EiF7Y2n4FCiQvjG8CH0vuFfBbqeZlw2E9-sRe988I=&xsec_source=pc_user","[""https://sns-webpic-qc.xhscdn.com/202603230133/18e2b0d46ce8119c34c4974c5d240ced/spectrum/1040g34o31eam5fcd160g49pjunnhaq6poa0ts50!nd_dft_wlteh_webp_3""]","https://sns-video-hs.xhscdn.com/stream/79/110/259/01e7bda456490e3e01037003953cdd5567_259.mp4",""
31,"67b6de6c000000001201cb9c","papi酱","https://www.xiaohongshu.com/user/profile/59b62f1550c4b47fbfa368d9","相见恨晚啊！这么好的东西我居然今天才用上","1.3万","4534","666","483","2025/02/20","【本期视频客户让眼周层层精致👁️】","[]","https://www.xiaohongshu.com/user/profile/59b62f1550c4b47fbfa368d9/67b6de6c000000001201cb9c?xsec_token=ABHwFCmJCUoCpnuvTeOjay-XrSHxqQweLCVUCVqUuEumk=&xsec_source=pc_user","[""https://sns-webpic-qc.xhscdn.com/202603230133/2168b7e146dbd3f9de81fcddf019ff24/spectrum/1040g0k031e48ro5n080049pjunnhaq6p6bjr0e8!nd_dft_wlteh_webp_3""]","https://sns-video-hs.xhscdn.com/stream/79/110/259/01e7b6de3c4902130103700395225fc2dc_259.mp4",""
32,"67b46371000000001203dc14","papi酱","https://www.xiaohongshu.com/user/profile/59b62f1550c4b47fbfa368d9","不想当厨子的歌手不是好英语老师！","2.4万","2104","2043","1994","2025/02/19","热烈欢迎﻿﻿@尚雯婕Laure﻿ ！！她带来的东西真是一个赛一个地猜不到…
【本期视频热烈招商中】","[]","https://www.xiaohongshu.com/user/profile/59b62f1550c4b47fbfa368d9/67b46371000000001203dc14?xsec_token=ABlG3dlTCNbfKZWgQYT3QbPL0cz5M74p46OvTAAwuvTpo=&xsec_source=pc_user","[""https://sns-webpic-qc.xhscdn.com/202603230133/106d7b06acb9b8308d1eff85f3ceae12/spectrum/1040g34o31e1r9hml120g49pjunnhaq6pppk54f8!nd_dft_wlteh_webp_3""]","https://sns-video-hs.xhscdn.com/stream/1/110/259/01e7b4af4152338b010370039519dd4cce_259.mp4",""
33,"67b2c3f60000000017039d19","papi酱","https://www.xiaohongshu.com/user/profile/59b62f1550c4b47fbfa368d9","过25岁生日的我来分享一些38岁在爱67岁还会","4.8万","1.2万","8879","2899","2025/09/19","爱的好物！【本期视频客户专研头皮】
#馥绿德雅白珠洗发水[话题]#","[""#馥绿德雅白珠洗发水""]","https://www.xiaohongshu.com/user/profile/59b62f1550c4b47fbfa368d9/67b2c3f60000000017039d19?xsec_token=ABpr3qrJgEVhIHQNX1nDc1qjNFOSN03jhgeHCDqsfR22g=&xsec_source=pc_user","[""https://sns-webpic-qc.xhscdn.com/202603230133/3f04a8ca639357c0349d320701cddb2d/spectrum/1040g34o31e084icm0c0g49pjunnhaq6p44r6dm8!nd_dft_wlteh_webp_3""]","https://sns-video-hs.xhscdn.com/stream/79/110/259/01e7da90a14867880103700395add09a97_259.mp4",""
34,"67ac7a2a000000001800e4f6","papi酱","https://www.xiaohongshu.com/user/profile/59b62f1550c4b47fbfa368d9","我的宅家幸福感全靠这——些家电来守护！","3.9万","1.7万","3390","5604","2025/03/27","【本期视频客户离多远都能看得清】
﻿#望远鲸[话题]#﻿﻿","[""#望远鲸""]","https://www.xiaohongshu.com/user/profile/59b62f1550c4b47fbfa368d9/67ac7a2a000000001800e4f6?xsec_token=AB16j526L-zXGPyJlzhOu6CUegiCkQP4POFIbHcCj4OhU=&xsec_source=pc_user","[""https://sns-webpic-qc.xhscdn.com/202603230133/0ceb3ad54a23ff6b0d8b98319f17cca8/spectrum/1040g0k031dq3lkfa160049pjunnhaq6pcp6f598!nd_dft_wlteh_webp_3""]","https://sns-video-hs.xhscdn.com/stream/1/110/259/01e7e4f2682d285e0103700395d65e0454_259.mp4",""
35,"67a457cf000000001800b5bb","papi酱","https://www.xiaohongshu.com/user/profile/59b62f1550c4b47fbfa368d9","给大家拜个晚年！蛇年的第一条好物分享来啦","1.2万","2143","654","606","2025/02/06","【本期视频客户不在这里】","[]","https://www.xiaohongshu.com/user/profile/59b62f1550c4b47fbfa368d9/67a457cf000000001800b5bb?xsec_token=ABB38RcrUf5eYLs2x-oEee98sfidPLMmQUewwxfejaK14=&xsec_source=pc_user","[""https://sns-webpic-qc.xhscdn.com/202603230133/68b85a363d0ccb117a733a946761fc1f/spectrum/1040g34o31di5j9tbh20g49pjunnhaq6pr5tnko8!nd_dft_wlteh_webp_3""]","https://sns-video-hs.xhscdn.com/stream/1/110/259/01e7a456b90a373d0103700394d9fe61da_259.mp4",""
36,"6790b4d7000000001703a126","papi酱","https://www.xiaohongshu.com/user/profile/59b62f1550c4b47fbfa368d9","热烈欢迎《再见爱人》总制片刘乐女士！","2.1万","3440","644","2341","2025/01/22","——分享综艺编导平时会用到的乳腺疏通好物！
【本期视频确实无广】","[]","https://www.xiaohongshu.com/user/profile/59b62f1550c4b47fbfa368d9/6790b4d7000000001703a126?xsec_token=ABqxpWoOXw1m5T8bZZfyLpZW-TghnotKKEHsAGFUAWYWE=&xsec_source=pc_user","[""https://sns-webpic-qc.xhscdn.com/202603230133/2e1a03ce929ef98cf90baff238e0f5fd/spectrum/1040g0k031cuvmlnug80049pjunnhaq6p4grks7o!nd_dft_wlteh_webp_3""]","https://sns-video-hs.xhscdn.com/stream/1/110/259/01e790b3d906062301037003948d5ca975_259.mp4",""
37,"6791ec8f000000001800c828","papi酱","https://www.xiaohongshu.com/user/profile/59b62f1550c4b47fbfa368d9","洁癖星人的清洁执念🤔️","2.7万","1万","2104","1803","2025/03/17","去到哪里都要保持干净清爽啊！
【本期视频客户不在这里】","[]","https://www.xiaohongshu.com/user/profile/59b62f1550c4b47fbfa368d9/6791ec8f000000001800c828?xsec_token=ABYfk0Mj09Y3R0NIymuIAfy7MraFDfPyRTt2u2-wVEoMw=&xsec_source=pc_user","[""https://sns-webpic-qc.xhscdn.com/202603230133/1657c48403323c7c57a7a704acdf1fc5/spectrum/1040g0k031d05sctog80049pjunnhaq6pbd82lb0!nd_dft_wlteh_webp_3""]","https://sns-video-hs.xhscdn.com/stream/79/110/259/01e7d7b5a30ad1c30103700395a2a6fae0_259.mp4",""
38,"67909f8d0000000018018b1d","papi酱","https://www.xiaohongshu.com/user/profile/59b62f1550c4b47fbfa368d9","【搞笑】像柜姐一样售卖春晚节目","7.8万","3260","3212","1.1万","2025/01/23","（我们这什么样的节目都有哦～
﻿#春晚[话题]#﻿ ﻿#大家的春晚[话题]#﻿﻿","[""#春晚"",""#大家的春晚""]","https://www.xiaohongshu.com/user/profile/59b62f1550c4b47fbfa368d9/67909f8d0000000018018b1d?xsec_token=ABqxpWoOXw1m5T8bZZfyLpZRxMq1qxC2i8L7j0zNe20_U=&xsec_source=pc_user","[""https://sns-webpic-qc.xhscdn.com/202603230133/541e6b2d4af89875ed5a4a4f0970982d/spectrum/1040g34o31cuti5ougea049pjunnhaq6pgjogof8!nd_dft_wlteh_webp_3""]","https://sns-video-hs.xhscdn.com/stream/79/110/259/01e791f3b84b5c4f01037003949223e621_259.mp4",""
39,"678f76380000000018006e60","papi酱","https://www.xiaohongshu.com/user/profile/59b62f1550c4b47fbfa368d9","年味还得年货凑！我们这些人的家乡年货推荐","2.1万","1827","1597","1112","2025/01/22","【本期视频的客户都去过年了不在这】
﻿#大声安利中华美食[话题]##Chinesefood[话题]#","[""#大声安利中华美食"",""#Chinesefood""]","https://www.xiaohongshu.com/user/profile/59b62f1550c4b47fbfa368d9/678f76380000000018006e60?xsec_token=ABW72k3v-UdA796hxLnakODZhOVSI32AaG5-mZHGwnp50=&xsec_source=pc_user","[""https://sns-webpic-qc.xhscdn.com/202603230133/799783a7a71c8c0e4e99643b6ed48433/spectrum/1040g0k031ctpbusjge0049pjunnhaq6psi5mroo!nd_dft_wlteh_webp_3""]","https://sns-video-hs.xhscdn.com/stream/79/110/259/01e78f75eb7b861d01037003948873fe20_259.mp4",""
40,"67863b93000000000100137a","papi酱","https://www.xiaohongshu.com/user/profile/59b62f1550c4b47fbfa368d9","是“老朋友”更是“好朋友”！","1.2万","1932","757","243","2025/01/20","那些出门在外依赖的老朋友们！
【本期视频客户柔缎质地好涂抹】","[]","https://www.xiaohongshu.com/user/profile/59b62f1550c4b47fbfa368d9/67863b93000000000100137a?xsec_token=ABKA0WJA5qc-jXt-qYZ5LvRYCMCI3ebUr8JlyAS_KflXM=&xsec_source=pc_user","[""https://sns-webpic-qc.xhscdn.com/202603230133/be7cdcd1873ce1e6a98752d5ef91ea5f/spectrum/1040g34o31ckovt730c0g49pjunnhaq6p78jpaco!nd_dft_wlteh_webp_3""]","https://sns-video-hs.xhscdn.com/stream/1/110/258/01e78e161e0714ad01037001948309c79d_258.mp4",""
41,"677dfeb60000000019037839","papi酱","https://www.xiaohongshu.com/user/profile/59b62f1550c4b47fbfa368d9","带着新东西去新地方｜分享些陪我度假的新品","9056","2047","746","554","2025/01/08","【本期视频客户很调皮】﻿#YSL夜皇后调皮水[话题]#﻿","[""#YSL夜皇后调皮水""]","https://www.xiaohongshu.com/user/profile/59b62f1550c4b47fbfa368d9/677dfeb60000000019037839?xsec_token=ABsfzAeQAChe7OsH1Az52a5oZdEw3ye6hibBHKhKOfbVM=&xsec_source=pc_user","[""https://sns-webpic-qc.xhscdn.com/202603230133/49c36741c18d0b7ae5682087224d90ff/spectrum/1040g0k031cbjf0ia080049pjunnhaq6p4na7m20!nd_dft_wlteh_webp_3""]","https://sns-video-hs.xhscdn.com/stream/110/259/01e77ccd9e2207be01037003944436fb9e_259.mp4",""
42,"677fa609000000000203f184","papi酱","https://www.xiaohongshu.com/user/profile/59b62f1550c4b47fbfa368d9","【搞笑】发小和闺蜜间的修罗场","4.2万","1459","2405","8979","2025/01/09","从小一起长大的发小和长大后才相识的闺蜜见面，真是修罗场啊！！","[]","https://www.xiaohongshu.com/user/profile/59b62f1550c4b47fbfa368d9/677fa609000000000203f184?xsec_token=AB5gq4JqLpeL9TrPfLlbyKySmJgZWvs7nhcaKt01cqPqM=&xsec_source=pc_user","[""https://sns-webpic-qc.xhscdn.com/202603230133/f1e4e365a6b06292f1a0a87674e525c9/spectrum/1040g0k031ceb84hi0e0049pjunnhaq6ptpkfito!nd_dft_wlteh_webp_3""]","https://sns-video-hs.xhscdn.com/stream/79/110/259/01e77fa4087c233e01037003944aa30c5e_259.mp4",""
43,"677fb078000000000100b8ab","papi酱","https://www.xiaohongshu.com/user/profile/59b62f1550c4b47fbfa368d9","2024年的差就出到这里！一起来跟我翻包吧！","1.9万","4142","2056","841","2025/03/20","看看我最后一次出差包里带了什么吧？
【本期视频开启无广纯享模式】","[]","https://www.xiaohongshu.com/user/profile/59b62f1550c4b47fbfa368d9/677fb078000000000100b8ab?xsec_token=AB5gq4JqLpeL9TrPfLlbyKycCTiYp4diVYwGcgITRlGgo=&xsec_source=pc_user","[""https://sns-webpic-qc.xhscdn.com/202603230133/af96559e8f24e5659a7e187af0bb61f1/spectrum/1040g34o31cecgvt9080g49pjunnhaq6pguv3j8o!nd_dft_wlteh_webp_3""]","https://sns-video-hs.xhscdn.com/stream/1/110/259/01e77fafac2ad33101037003944b36fcb2_259.mp4",""
44,"67725a2b000000001301a499","papi酱","https://www.xiaohongshu.com/user/profile/59b62f1550c4b47fbfa368d9","【搞笑】眼睛一闭一睁，我的一年结束啦！！","10万+","3074","2227","1.3万","2024/12/30","","[]","https://www.xiaohongshu.com/user/profile/59b62f1550c4b47fbfa368d9/67725a2b000000001301a499?xsec_token=ABr9Ck-9BTmWzDUSALYiYhPOrDMf9RixzqQrSkbM6Zkb0=&xsec_source=pc_user","[""https://sns-webpic-qc.xhscdn.com/202603230133/e6723dd39e16ce241f487a9bc1349a1f/spectrum/1040g0k031c1blrtfh20049pjunnhaq6pqb56bl8!nd_dft_wlteh_webp_3""]","https://sns-video-hs.xhscdn.com/stream/110/259/01e77258242ad00b010370039416b15012_259.mp4",""
45,"6773ad86000000000b022b5b","papi酱","https://www.xiaohongshu.com/user/profile/59b62f1550c4b47fbfa368d9","新年快乐！又到办公室礼物交换大会的时候啦","3万","3260","2028","3573","2024/12/31","【本期视频纯净无广】","[]","https://www.xiaohongshu.com/user/profile/59b62f1550c4b47fbfa368d9/6773ad86000000000b022b5b?xsec_token=ABkzo-24tPEF-dAWHojH01t1fOjgU4oxsqH2Tsu58B2bU=&xsec_source=pc_user","[""https://sns-webpic-qc.xhscdn.com/202603230133/32c671a2a53aa7b82d768fdc40727497/spectrum/1040g34o31c2l50a9120g49pjunnhaq6pc6q6rag!nd_dft_wlteh_webp_3""]","https://sns-video-hs.xhscdn.com/stream/110/259/01e773a62e2b534601037003941c050052_259.mp4",""
46,"676a9969000000000b014f60","papi酱","https://www.xiaohongshu.com/user/profile/59b62f1550c4b47fbfa368d9","热烈欢迎我的“新”同事——幽默大师侯佩岑","5.8万","7941","5945","7823","2024/12/25","我们可算把@侯佩岑  盼来了！！（来看出差达人侯主播会带来哪些好吃的好玩的吧！
【本期视频居然没有广告】","[]","https://www.xiaohongshu.com/user/profile/59b62f1550c4b47fbfa368d9/676a9969000000000b014f60?xsec_token=ABt8nnYdUh0rPdn4ZDUhGKKMNLI1WIt2FbcWElz7CWEKE=&xsec_source=pc_user","[""https://sns-webpic-qc.xhscdn.com/202603230133/e688720ad165febccc919acbe61c4461/spectrum/1040g34o31bppbhbngc0g49pjunnhaq6pio7iq68!nd_dft_wlteh_webp_3""]","https://sns-video-hs.xhscdn.com/stream/110/259/01e76a97af220e780103700393f87d332b_259.mp4",""
47,"67694bb4000000000b02006a","papi酱","https://www.xiaohongshu.com/user/profile/59b62f1550c4b47fbfa368d9","护肤当然既要又要｜这些好物温和功效兼得","5171","1659","394","234","2025/03/20","【本期视频客户在另外的平台】","[]","https://www.xiaohongshu.com/user/profile/59b62f1550c4b47fbfa368d9/67694bb4000000000b02006a?xsec_token=ABDr6ggDNLtEa_KxR0M1F28WUTyM8ETYnZtpmGbECkyps=&xsec_source=pc_user","[""https://sns-webpic-qc.xhscdn.com/202603230133/6b64853e64ae234834bacdcc0e1f07ed/spectrum/1040g0k031bofd0osh60049pjunnhaq6pnh24sb0!nd_dft_wlteh_webp_3""]","https://sns-video-hs.xhscdn.com/stream/110/259/01e768f6572ac4450103700393f358bc28_259.mp4",""
48,"6763ffbe000000000900eeb3","papi酱","https://www.xiaohongshu.com/user/profile/59b62f1550c4b47fbfa368d9","【搞笑】当小pa被绑架时，她的同事be like","10万+","7493","8051","4.6万","2024/12/19","","[]","https://www.xiaohongshu.com/user/profile/59b62f1550c4b47fbfa368d9/6763ffbe000000000900eeb3?xsec_token=ABxqtYH41su8f1z6rxAXAmNqQLrFlnHoX1HHL02Vstxs4=&xsec_source=pc_user","[""https://sns-webpic-qc.xhscdn.com/202603230133/73acdd82dcbca25728f15b2472f42cef/spectrum/1040g34o31bjb6benh20g49pjunnhaq6ps7iec5g!nd_dft_wlteh_webp_3""]","https://sns-video-hs.xhscdn.com/stream/110/259/01e763fef92da1420103700393dea74c78_259.mp4",""
49,"675fcd760000000001028ea0","papi酱","https://www.xiaohongshu.com/user/profile/59b62f1550c4b47fbfa368d9","简直为自己骄傲！最近挖到的顶好用的新东西","2.2万","1.1万","1177","1013","2025/03/20","【本期视频有了，广告却没有】","[]","https://www.xiaohongshu.com/user/profile/59b62f1550c4b47fbfa368d9/675fcd760000000001028ea0?xsec_token=ABanxGz9yvGir2w0tsUtcubVtIeAuJB1rZCmjYH45xgYo=&xsec_source=pc_user","[""https://sns-webpic-qc.xhscdn.com/202603230133/38f65b4fc355f22f964f961b5c0736f5/spectrum/1040g34o31bf7v1ojg60g49pjunnhaq6pajiibc0!nd_dft_wlteh_webp_3""]","https://sns-video-hs.xhscdn.com/stream/110/259/01e75fcd4b2adc860103700393ce5679d8_259.mp4",""
50,"6752ceee0000000006017423","papi酱","https://www.xiaohongshu.com/user/profile/59b62f1550c4b47fbfa368d9","我闺蜜听我的！私下给闺蜜成功种草的好东西","1.4万","4362","770","680","2024/12/09","【本期视频客户对肌肤灌注很在行】","[]","https://www.xiaohongshu.com/user/profile/59b62f1550c4b47fbfa368d9/6752ceee0000000006017423?xsec_token=AB1vtez6olOo6CeW9l2IPFSgsVFvnvy7tTTqfvZbWy8Q8=&xsec_source=pc_user","[""https://sns-webpic-qc.xhscdn.com/202603230133/3e0f529d491174f0191cc8bdecd20abe/spectrum/1040g0k031b2i004n6q0049pjunnhaq6phhq5ong!nd_dft_wlteh_webp_3""]","https://sns-video-hs.xhscdn.com/stream/1/110/259/01e752ced229afcf0103700393aadbe5cc_259.mp4",""
51,"6751c6e700000000070386bc","papi酱","https://www.xiaohongshu.com/user/profile/59b62f1550c4b47fbfa368d9","热烈欢迎阿朵姐姐来办公室做客！","1.3万","1433","1051","565","2024/12/05","﻿@阿朵﻿ 前所未见的民族风好物和各式各样的辣味零食来袭！
【本期视频很显然没有广告】","[]","https://www.xiaohongshu.com/user/profile/59b62f1550c4b47fbfa368d9/6751c6e700000000070386bc?xsec_token=ABhwLJpP4eImaMwNQrQpiZi8bfgZAAdhvTs9UpYHPjrLQ=&xsec_source=pc_user","[""https://sns-webpic-qc.xhscdn.com/202603230133/bcdbaee8053742ac42a46dcd664ca0f8/spectrum/1040g0k031b1hokcr6m0049pjunnhaq6pkg1e2h0!nd_dft_wlteh_webp_3""]","https://sns-video-hs.xhscdn.com/stream/1/110/259/01e751c62e2682000103700393978a8210_259.mp4",""
52,"67501f4d0000000006016e58","papi酱","https://www.xiaohongshu.com/user/profile/59b62f1550c4b47fbfa368d9","抗冬好物大推荐！让冬天“暖上加暖”！","1.3万","2188","1154","545","2024/12/05","【本期有一位又轻又暖的客户】
﻿#天空人羽绒服[话题]#﻿","[""#天空人羽绒服""]","https://www.xiaohongshu.com/user/profile/59b62f1550c4b47fbfa368d9/67501f4d0000000006016e58?xsec_token=ABU8rCv9XVHX-TDFi2r6bhOzat6MSikrazwXixKiJ3ssE=&xsec_source=pc_user","[""https://sns-webpic-qc.xhscdn.com/202603230133/8d6679f7e59b237dfaa0dc9e433f50bd/spectrum/1040g34o31avsprjrmu0049pjunnhaq6pfetav1g!nd_dft_wlteh_webp_3""]","https://sns-video-hs.xhscdn.com/stream/79/110/259/01e7501ec42b93100103700393973804bd_259.mp4",""
53,"674bf0d400000000060177be","papi酱","https://www.xiaohongshu.com/user/profile/59b62f1550c4b47fbfa368d9","家乡饮料品鉴大会｜究竟谁的家乡饮品能胜出","2.2万","2656","3700","1650","2024/12/01","【本期视频客户占地不到一平米】
﻿#源氏木语实木家居[话题]#﻿﻿","[""#源氏木语实木家居""]","https://www.xiaohongshu.com/user/profile/59b62f1550c4b47fbfa368d9/674bf0d400000000060177be?xsec_token=ABIbzotae-VY7snoCY1NFM7apdeg9vwHWrK7QLH3YyMVY=&xsec_source=pc_user","[""https://sns-webpic-qc.xhscdn.com/202603230133/d6b218631106a7187294631c468a6833/spectrum/1040g0k031arjne546o0049pjunnhaq6pporofq0!nd_dft_wlteh_webp_3""]","https://sns-video-hs.xhscdn.com/stream/1/110/259/01e74bb1d425365a010370039380b0d824_259.mp4",""
54,"67482a58000000000702a74c","papi酱","https://www.xiaohongshu.com/user/profile/59b62f1550c4b47fbfa368d9","我的本季限定好物｜是时候轮到它们“上桌”","9401","2719","711","327","2024/11/28","【本期视频有一位水感质地的神秘巴黎客户】","[]","https://www.xiaohongshu.com/user/profile/59b62f1550c4b47fbfa368d9/67482a58000000000702a74c?xsec_token=ABTtn-PmDpJ4Esn0Ae0MN8iAGo5gX5x9RFz7VGrU_KD_U=&xsec_source=pc_user","[""https://sns-webpic-qc.xhscdn.com/202603230134/2692b3f2565492adc9f29cf20eeedb06/spectrum/1040g0k031ao5ag0e6q0049pjunnhaq6pkjskelg!nd_dft_wlteh_webp_3""]","https://sns-video-hs.xhscdn.com/stream/79/110/259/01e7481d202bf377010370039372162367_259.mp4",""
55,"67459af700000000020293b7","papi酱","https://www.xiaohongshu.com/user/profile/59b62f1550c4b47fbfa368d9","【搞笑】欢迎来到自由式辩论赛场！","4.6万","2689","3643","1.1万","2024/11/26","今日辩题是“吃坚果到底好还是不好”？有请双方辩手！","[]","https://www.xiaohongshu.com/user/profile/59b62f1550c4b47fbfa368d9/67459af700000000020293b7?xsec_token=ABfCubNKnU1UgJwUQn84IzTpg6b8hx_g0bP9xKI2CJzJ4=&xsec_source=pc_user","[""https://sns-webpic-qc.xhscdn.com/202603230134/91e9f727c7e10b2dea1d764375543edb/spectrum/1040g0k031all7vab6u0049pjunnhaq6ppe5qvuo!nd_dft_wlteh_webp_3""]","https://sns-video-hs.xhscdn.com/stream/79/110/259/01e74598d72bccca010370039367e928ff_259.mp4",""
56,"673d9433000000000702a6b7","papi酱","https://www.xiaohongshu.com/user/profile/59b62f1550c4b47fbfa368d9","【搞笑】论三国演义和我妈超高的适配度","3.6万","2143","1198","5953","2024/11/20","","[]","https://www.xiaohongshu.com/user/profile/59b62f1550c4b47fbfa368d9/673d9433000000000702a6b7?xsec_token=ABjO2bfbL99a1Krt909-00a_TZhc0A5fInfLSH51p7jgk=&xsec_source=pc_user","[""https://sns-webpic-qc.xhscdn.com/202603230134/e837a096bd21641a7fef00cc0fce9aa5/spectrum/1040g0k031advfge06q0049pjunnhaq6pieuiln8!nd_dft_wlteh_webp_3""]","https://sns-video-hs.xhscdn.com/stream/79/110/259/01e73d93081b3aa00103700393488f43a5_259.mp4",""
57,"6938ff60000000001f00ac57","papi酱","https://www.xiaohongshu.com/user/profile/59b62f1550c4b47fbfa368d9","越凛冽越适合！天一冷就要翻出来用的好物","2万","4115","695","529","2025/12/12","【本期视频客户有11籽那么有料】
#阿芙11籽精华油[话题]#","[""#阿芙11籽精华油""]","https://www.xiaohongshu.com/user/profile/59b62f1550c4b47fbfa368d9/6938ff60000000001f00ac57?xsec_token=ABMgLJWqdi2_gew04Nf3AYnE7UoEbRdtfr6nXwrGmzuGw=&xsec_source=pc_user","[""https://sns-webpic-qc.xhscdn.com/202603230134/cf45a63e5bdecf1f5465c3cda683422b/spectrum/1040g34o31ptacqubju1049pjunnhaq6p9h535v8!nd_dft_wlteh_webp_3""]","https://sns-video-hs.xhscdn.com/stream/1/110/259/01e93bf9d7dd5a5c010370039b12506a04_259.mp4",""
58,"6937eed3000000001e037e3d","papi酱","https://www.xiaohongshu.com/user/profile/59b62f1550c4b47fbfa368d9","热烈欢迎阿雅！","3.1万","3116","2216","2934","2025/12/09","本期视频非常养生，超多艾草（对养生有兴趣的朋友可以去公园找@阿雅 一起抱树🌳
【本期视频无广养生局来的】","[]","https://www.xiaohongshu.com/user/profile/59b62f1550c4b47fbfa368d9/6937eed3000000001e037e3d?xsec_token=ABDyLLROVuInM4DDPx2U2lUXf1osbMG6LvTPnlkdx9i-w=&xsec_source=pc_user","[""https://sns-webpic-qc.xhscdn.com/202603230134/87183e1869bd714399723bbf5367d07c/spectrum/1040g0k031psa3e4r400049pjunnhaq6ph2l39o8!nd_dft_wlteh_webp_3""]","https://sns-video-hs.xhscdn.com/stream/1/110/259/01e93699252748d3010370039b0288fed6_259.mp4",""
59,"692951c7000000001e03b14a","papi酱","https://www.xiaohongshu.com/user/profile/59b62f1550c4b47fbfa368d9","平价·实惠·好用！的美妆产品都在这里了！","1.6万","4614","428","722","2025/12/05","【本期视频无广】","[]","https://www.xiaohongshu.com/user/profile/59b62f1550c4b47fbfa368d9/692951c7000000001e03b14a?xsec_token=ABT-rti6106HNMG6T3vxPEH5fB4yrh5akFSSz4tknO8qo=&xsec_source=pc_user","[""https://sns-webpic-qc.xhscdn.com/202603230134/fa5b84085585f99ac52a991bbd9647f1/spectrum/1040g0k031pe09tfu280049pjunnhaq6ps31la5o!nd_dft_wlteh_webp_3""]","https://sns-video-hs.xhscdn.com/stream/79/110/259/01e92951c7ed31fd010370039ac979cbfe_259.mp4",""
60,"692fec64000000001b02450d","papi酱","https://www.xiaohongshu.com/user/profile/59b62f1550c4b47fbfa368d9","直击电影《珍珠奶茶去珍珠》女主角采访现场","3.3万","1267","1057","1867","2025/12/03","（没有这个电影哈","[]","https://www.xiaohongshu.com/user/profile/59b62f1550c4b47fbfa368d9/692fec64000000001b02450d?xsec_token=ABBJIji2fJVKNdhtWQIC517WaSKMhZzq4tKtF_X2Gp38I=&xsec_source=pc_user","[""https://sns-webpic-qc.xhscdn.com/202603230134/999f4fc45b4d29402db764500e8c0e9c/spectrum/1040g0k031pkei5t5js0049pjunnhaq6pto4b2m8!nd_dft_wlteh_webp_3""]","https://sns-video-hs.xhscdn.com/stream/79/110/259/01e92fec3f2660c0010370039ae3352ff1_259.mp4",""
61,"69282523000000001b025738","papi酱","https://www.xiaohongshu.com/user/profile/59b62f1550c4b47fbfa368d9","爱吃爱吃好爱吃！最近我们办公室爱吃的零食","4万","7899","1356","4113","2025/11/27","【本期视频纯吃无广】","[]","https://www.xiaohongshu.com/user/profile/59b62f1550c4b47fbfa368d9/69282523000000001b025738?xsec_token=AB9-yAXW9c39Tk-sP5BEUbS4dVhSIIhjL9aEscCJ5xiN4=&xsec_source=pc_user","[""https://sns-webpic-qc.xhscdn.com/202603230134/0254e5685bc32b83e7a0f0deac25a959/spectrum/1040g0k031pcsjrtv260049pjunnhaq6pcl7euu8!nd_dft_wlteh_webp_3""]","https://sns-video-hs.xhscdn.com/stream/1/110/259/01e9282523db6fd5010370039ac4d7f011_259.mp4",""
62,"691d9d4b000000000d037f40","papi酱","https://www.xiaohongshu.com/user/profile/59b62f1550c4b47fbfa368d9","翻翻看吧！我们一家三口的短途出行洗护包","1.1万","1583","489","227","2025/11/20","【本期视频客户唇部状态好好哦】
#海得宝唇敏修护唇膏[话题]#","[""#海得宝唇敏修护唇膏""]","https://www.xiaohongshu.com/user/profile/59b62f1550c4b47fbfa368d9/691d9d4b000000000d037f40?xsec_token=AB_wgFMXb4SZzh5-_pXiXC4yTRRW_yP-qa4ohSTBkLetE=&xsec_source=pc_user","[""https://sns-webpic-qc.xhscdn.com/202603230134/2fbf053a85e0001b89cb4ee2ea8e65a5/spectrum/1040g0k031p2jag23260049pjunnhaq6pbjd4m2o!nd_dft_wlteh_webp_3""]","https://sns-video-hs.xhscdn.com/stream/1/110/259/01e91ef00fed1aee010370039aa0e1534c_259.mp4",""
63,"6926ed43000000000d03cead","papi酱","https://www.xiaohongshu.com/user/profile/59b62f1550c4b47fbfa368d9","热烈欢迎胡先煦！","4.8万","3582","6207","5327","2025/11/26","看看@胡先煦 去亚马逊旅行都带了什么好东西！（本期视频将打开我对00后认知的大门🚪
【本期视频无广可下饭食用】","[]","https://www.xiaohongshu.com/user/profile/59b62f1550c4b47fbfa368d9/6926ed43000000000d03cead?xsec_token=AB-lTUhA0vZFa7zI7bQAOcDtbOkAXNF_W3ycaaW9qty8E=&xsec_source=pc_user","[""https://sns-webpic-qc.xhscdn.com/202603230134/96275f28016412c51e92e34d2e28a632/spectrum/1040g34o31pbm6kcu261049pjunnhaq6pj7fos18!nd_dft_wlteh_webp_3""]","https://sns-video-hs.xhscdn.com/stream/79/110/259/01e926ecf16385c1010370039ac019437d_259.mp4",""
64,"6921c96c000000001f00602a","papi酱","https://www.xiaohongshu.com/user/profile/59b62f1550c4b47fbfa368d9","等不及了！和大家分享！近日买到的好东西！","2.3万","6221","1467","1119","2025/11/22","【本期视频客户好舒适好透气】
#静韵深睡衣[话题]#","[""#静韵深睡衣""]","https://www.xiaohongshu.com/user/profile/59b62f1550c4b47fbfa368d9/6921c96c000000001f00602a?xsec_token=ABqY6_OXSsvrGb64KfF6MYmWW46X51_drg84sXZeJGVow=&xsec_source=pc_user","[""https://sns-webpic-qc.xhscdn.com/202603230134/d0e09bc7e500b5adeb18ea0244759005/1040g00831p6lqto32u0049pjunnhaq6p4f3kvn8!nd_dft_wlteh_webp_3""]","https://sns-video-hs.xhscdn.com/stream/79/110/259/01e921c96b639421010370039aabff2621_259.mp4",""
65,"691ed589000000001e025a1e","papi酱","https://www.xiaohongshu.com/user/profile/59b62f1550c4b47fbfa368d9","【搞笑】当我看书时，我在做什么……","10万+","1.9万","1.9万","6.3万","2025/11/20","","[]","https://www.xiaohongshu.com/user/profile/59b62f1550c4b47fbfa368d9/691ed589000000001e025a1e?xsec_token=ABJbQst5jfuLXbUbsRvmKbEQLcm-uzf_aHA4fSB_0wy8U=&xsec_source=pc_user","[""https://sns-webpic-qc.xhscdn.com/202603230134/4102c6a111cdbd6f9c041f2c940db7b3/spectrum/1040g34o31p3pnv6iia1049pjunnhaq6plkjj3hg!nd_dft_wlteh_webp_3""]","https://sns-video-hs.xhscdn.com/stream/1/110/259/01e91ed318346c60010370039aa072fd89_259.mp4",""
66,"69159d9c000000000d00c9a9","papi酱","https://www.xiaohongshu.com/user/profile/59b62f1550c4b47fbfa368d9","零食！我的生命之光！！","3.7万","1万","1300","3639","2025/11/13","【本期客户让巧克力脑袋沦陷】
#黑巧百奇[话题]#","[""#黑巧百奇""]","https://www.xiaohongshu.com/user/profile/59b62f1550c4b47fbfa368d9/69159d9c000000000d00c9a9?xsec_token=ABWD5zoNY0VoMKvpQHD8YngVZ392aFNurTKtRRYcEJQFU=&xsec_source=pc_user","[""https://sns-webpic-qc.xhscdn.com/202603230134/32dc5e3c0aaabaae642fcb717934a696/spectrum/1040g34o31oqp5ajcgs0g49pjunnhaq6pl6i15go!nd_dft_wlteh_webp_3""]","https://sns-video-hs.xhscdn.com/stream/79/110/259/01e9159d9e264250010370039a7c74e90b_259.mp4",""
67,"690d8dac000000000503078d","papi酱","https://www.xiaohongshu.com/user/profile/59b62f1550c4b47fbfa368d9","Winter is coming！拉满防御力的冬日好物","2.6万","3042","933","732","2025/11/07","【本期视频客户严选大鹅胸口毛】
#网易严选羽绒服[话题]#","[""#网易严选羽绒服""]","https://www.xiaohongshu.com/user/profile/59b62f1550c4b47fbfa368d9/690d8dac000000000503078d?xsec_token=ABNsHmOTij-VZK6xeR_MTlGuZFnYwMOkWx1bP67MV-c9w=&xsec_source=pc_user","[""https://sns-webpic-qc.xhscdn.com/202603230134/1fa5d28f8bdfd4c7b1c7033a25cbdeca/spectrum/1040g0k031oitk6mm4q0049pjunnhaq6pmer1meo!nd_dft_wlteh_webp_3""]","https://sns-video-hs.xhscdn.com/stream/1/110/259/01e90d8dac195cdf010370039a5cf6ff61_259.mp4",""
68,"6909aed7000000000401015f","papi酱","https://www.xiaohongshu.com/user/profile/59b62f1550c4b47fbfa368d9","拍案叫绝！我挑的这些东西家人超爱用！","2.7万","5201","2811","1656","2025/11/04","【本期视频可没有广子】","[]","https://www.xiaohongshu.com/user/profile/59b62f1550c4b47fbfa368d9/6909aed7000000000401015f?xsec_token=ABnLlJqxYeti1tZqtSL8UISlOiacKXTN769fOdxcW6-HI=&xsec_source=pc_user","[""https://sns-webpic-qc.xhscdn.com/202603230134/c604ed2299546132e9beccdce76ffd83/spectrum/1040g34o31of4q612l21049pjunnhaq6pse4i6qo!nd_dft_wlteh_webp_3""]","https://sns-video-hs.xhscdn.com/stream/79/110/259/01e909aed7ed5962010370039a4dd74b47_259.mp4",""
69,"690ae9a800000000030364d0","papi酱","https://www.xiaohongshu.com/user/profile/59b62f1550c4b47fbfa368d9","热烈欢迎李静 ！","6.2万","5537","3707","9779","2025/11/05","知道好笑也不知道这么好笑啊！（后面有位远古剪彩大神返场👏
【本期客户#妮维雅630双能瓶[话题]# 】","[""#妮维雅630双能瓶""]","https://www.xiaohongshu.com/user/profile/59b62f1550c4b47fbfa368d9/690ae9a800000000030364d0?xsec_token=ABJRbPFoaUFr6ZCn4Pj5SUJTAfD5iwis6ejvWJFh9lX_Y=&xsec_source=pc_user","[""https://sns-webpic-qc.xhscdn.com/202603230134/7c117f99d240290574b2c3451d2d9975/spectrum/1040g0k031og9prpal20049pjunnhaq6p70jsnc8!nd_dft_wlteh_webp_3""]","https://sns-video-hs.xhscdn.com/stream/1/110/259/01e90ae99f2a89dd010370039a52af01e6_259.mp4",""
70,"6903245100000000030372ce","papi酱","https://www.xiaohongshu.com/user/profile/59b62f1550c4b47fbfa368d9","又忙又赶还要优雅出门的38岁都市丽人","1.2万","3268","535","395","2025/10/30","【本期视频只顾忙忘记广了】","[]","https://www.xiaohongshu.com/user/profile/59b62f1550c4b47fbfa368d9/6903245100000000030372ce?xsec_token=AB-ZV1QqPUXdVde99EKo_rPRwSoradibPYBNrCZIvHkI8=&xsec_source=pc_user","[""https://sns-webpic-qc.xhscdn.com/202603230134/57d2c57bf2390d1e1eeb71e4b5efda62/spectrum/1040g34o31o8o5g61521049pjunnhaq6ph8b4dhg!nd_dft_wlteh_webp_3""]","https://sns-video-hs.xhscdn.com/stream/1/110/259/01e90324517f4eb8010370039a344b8c92_259.mp4",""
71,"6901d9310000000003011ff5","papi酱","https://www.xiaohongshu.com/user/profile/59b62f1550c4b47fbfa368d9","价格不基础，效果就更不基础了啦！","7937","1289","334","316","2025/10/29","【本期视频客户让脸皮平平整整】
#YSL夜皇后调皮水乳[话题]#","[""#YSL夜皇后调皮水乳""]","https://www.xiaohongshu.com/user/profile/59b62f1550c4b47fbfa368d9/6901d9310000000003011ff5?xsec_token=ABnEqCDoiEBMMmw9hK4F5SeSx2LeRWwI50D-DLG70cZB4=&xsec_source=pc_user","[""https://sns-webpic-qc.xhscdn.com/202603230134/bdfc73c059dc809611eec5aab7d15d75/spectrum/1040g0k031o7f4redl00049pjunnhaq6pei16qdg!nd_dft_wlteh_webp_3""]","https://sns-video-hs.xhscdn.com/stream/79/110/259/01e901d3f92a96ab010370039a2f3d3e54_259.mp4",""
72,"6901a8d00000000004028d89","papi酱","https://www.xiaohongshu.com/user/profile/59b62f1550c4b47fbfa368d9","【搞笑】《营业员类型百科》","9.3万","3237","3161","6538","2025/10/29","","[]","https://www.xiaohongshu.com/user/profile/59b62f1550c4b47fbfa368d9/6901a8d00000000004028d89?xsec_token=ABnEqCDoiEBMMmw9hK4F5SeWThCCRMePLjQTiMW4MlxDo=&xsec_source=pc_user","[""https://sns-webpic-qc.xhscdn.com/202603230134/737b23c46f2c09f201414c09a85b2d9e/spectrum/1040g0k031o79lnnm4u0049pjunnhaq6pv97jqa8!nd_dft_wlteh_webp_3""]","https://sns-video-hs.xhscdn.com/stream/79/110/259/01e901a5ba376500010370039a2e7cf796_259.mp4",""
73,"68fb2090000000000303456b","papi酱","https://www.xiaohongshu.com/user/profile/59b62f1550c4b47fbfa368d9","家居博主归来！我家里那些天天用的有效支出","3.8万","1万","1562","3122","2025/10/24","【本期视频客户能学习也能娱乐🐳！】
#望远鲸[话题]#","[""#望远鲸""]","https://www.xiaohongshu.com/user/profile/59b62f1550c4b47fbfa368d9/68fb2090000000000303456b?xsec_token=ABpQtr-uMpBjoBGgs-UwoI8pI0BiUMORIS4SH93vmn6IQ=&xsec_source=pc_user","[""https://sns-webpic-qc.xhscdn.com/202603230134/7f06b064543c583446f7bfb090bc47de/spectrum/1040g34o31o0t64m5ks1049pjunnhaq6p9sbhvo0!nd_dft_wlteh_webp_3""]","https://sns-video-hs.xhscdn.com/stream/1/110/259/01e8fb2090ed5774010370039a14fc5f2a_259.mp4",""
74,"68f87f2b000000000402bb3f","papi酱","https://www.xiaohongshu.com/user/profile/59b62f1550c4b47fbfa368d9","我的闺蜜们说：这几样东西真不错啊！！","1.5万","3058","632","574","2025/10/22","【本期视频客户用兰花油养肌肤】
#兰时光油[话题]#","[""#兰时光油""]","https://www.xiaohongshu.com/user/profile/59b62f1550c4b47fbfa368d9/68f87f2b000000000402bb3f?xsec_token=ABN3Z5j6fsi7fLpPo2bvDxjzSumINL-BCM0HWnk_j2zQg=&xsec_source=pc_user","[""https://sns-webpic-qc.xhscdn.com/202603230134/f58c865bc4ff182aee6d5cca49f3e423/spectrum/1040g0k031nub08rmku0g49pjunnhaq6psffod2g!nd_dft_wlteh_webp_3""]","https://sns-video-hs.xhscdn.com/stream/79/110/259/01e8f8a69c7fa635010370039a0b500f21_259.mp4",""
75,"68f603c9000000000301ff5c","papi酱","https://www.xiaohongshu.com/user/profile/59b62f1550c4b47fbfa368d9","热烈欢迎melody！千呼万唤始出来的刘恭显","3.6万","3581","2400","4280","2025/10/20","@Melody刘恭显 女士～！两个字：优雅！（真的很会翻白眼啊这位女士
【本期视频由一位焕白客户赞助播出】
#妮维雅630双能瓶[话题]#","[""#妮维雅630双能瓶""]","https://www.xiaohongshu.com/user/profile/59b62f1550c4b47fbfa368d9/68f603c9000000000301ff5c?xsec_token=ABQ6rIuaRREXh0PxZ1OgwLY6sL5SbKPCGx7AnJyVrbKDc=&xsec_source=pc_user","[""https://sns-webpic-qc.xhscdn.com/202603230134/b2057a716f1d6342733ac7fb65eae860/spectrum/1040g34o31nrsi3ld4s1049pjunnhaq6p2bu9r18!nd_dft_wlteh_webp_3""]","https://sns-video-hs.xhscdn.com/stream/79/110/259/01e8f602207f4cdc010370039a010c3986_259.mp4",""
76,"68f2130a000000000301ac21","papi酱","https://www.xiaohongshu.com/user/profile/59b62f1550c4b47fbfa368d9","统统打开！坐下就会不自觉打开的好东西","1.1万","1130","330","598","2025/10/17","【本期视频的客户随时随地都能翻转】
#源氏木语新实木主义[话题]#","[""#源氏木语新实木主义""]","https://www.xiaohongshu.com/user/profile/59b62f1550c4b47fbfa368d9/68f2130a000000000301ac21?xsec_token=ABBGhU-Q98KyXhiFDtY2eJPp8EbnrJxI0qVeASiKmgAeM=&xsec_source=pc_user","[""https://sns-webpic-qc.xhscdn.com/202603230134/8c7223786586013dc22e116e35c86e48/spectrum/1040g34o31no2bhrel01049pjunnhaq6pnec3mb0!nd_dft_wlteh_webp_3""]","https://sns-video-hs.xhscdn.com/stream/1/110/259/01e8f2130add7da70103700399f1a2437c_259.mp4",""
77,"68ef3e7f000000000301b6be","papi酱","https://www.xiaohongshu.com/user/profile/59b62f1550c4b47fbfa368d9","Ta竟然不是拳头产品？别让这些东西石沉大海","8915","1617","397","197","2025/10/15","【本期产品为什么没推广啊】","[]","https://www.xiaohongshu.com/user/profile/59b62f1550c4b47fbfa368d9/68ef3e7f000000000301b6be?xsec_token=ABLRitCxkEo9ctRFlEGk7U2P108eH1nbSdbm7tVwCdpLE=&xsec_source=pc_user","[""https://sns-webpic-qc.xhscdn.com/202603230134/5564d070b8ec4a74d3bd95e1b6cae4c7/spectrum/1040g0k031nl9oarr500049pjunnhaq6pfhkh0e0!nd_dft_wlteh_webp_3""]","https://sns-video-hs.xhscdn.com/stream/1/110/259/01e8ef3b50e891970103700399e691aac8_259.mp4",""
78,"68ec97e3000000000503a888","papi酱","https://www.xiaohongshu.com/user/profile/59b62f1550c4b47fbfa368d9","姐们儿要脸 更要别的！身体护理也要跟上！","1.3万","2084","358","386","2025/10/13","【本期客户让秋冬沐浴无惧干燥】","[]","https://www.xiaohongshu.com/user/profile/59b62f1550c4b47fbfa368d9/68ec97e3000000000503a888?xsec_token=ABtVwTSslj_kbM7Du0h453M5MbdqiDPzZI7gkqmRa4TOY=&xsec_source=pc_user","[""https://sns-webpic-qc.xhscdn.com/202603230134/b92ad4e14bb3c272fa1b0e9dda2d3147/spectrum/1040g0k031ninnojgkq0g49pjunnhaq6p79ceubo!nd_dft_wlteh_webp_3""]","https://sns-video-hs.xhscdn.com/stream/79/110/259/01e8ec95ad7f19570103700399dc36137b_259.mp4",""
79,"68e5db2b000000000703a5fa","papi酱","https://www.xiaohongshu.com/user/profile/59b62f1550c4b47fbfa368d9","热烈欢迎焦俊艳又来了！","4.8万","3348","513","2420","2025/10/29","@焦俊艳 怎么那么会买怪东西啊朋友！！
【本期视频客户瞬吸纯棉100%】
#倍舒特[话题]#","[""#倍舒特""]","https://www.xiaohongshu.com/user/profile/59b62f1550c4b47fbfa368d9/68e5db2b000000000703a5fa?xsec_token=ABkWWPb6Cju_xk01oMmYhhU7yGNAqrOkTAGxcJeHgPdoA=&xsec_source=pc_user","[""https://sns-webpic-qc.xhscdn.com/202603230134/ee78c48667933f126d314f5be22d4ce1/spectrum/1040g34o31nc50i5jks1049pjunnhaq6pthc9sbg!nd_dft_wlteh_webp_3""]","https://sns-video-hs.xhscdn.com/stream/79/110/259/01e8e5db1a7fb3ff0103700399c1e924ed_259.mp4",""
80,"68dbf4c7000000000700039f","papi酱","https://www.xiaohongshu.com/user/profile/59b62f1550c4b47fbfa368d9","【搞笑】欢迎收看独家专访《拉屎天才》","7.1万","3623","307","5.2万","2025/09/30","（祝大家吃喝好睡好拉好👍","[]","https://www.xiaohongshu.com/user/profile/59b62f1550c4b47fbfa368d9/68dbf4c7000000000700039f?xsec_token=AB4wwB6prk2MKMGyfSe8yZLdaqV_DilVvQq75omRd4SGs=&xsec_source=pc_user","[""https://sns-webpic-qc.xhscdn.com/202603230134/f6a28d2178f9cc36bd36468c7b9bbf2e/spectrum/1040g0k031n2fob6r4u0049pjunnhaq6pt54816o!nd_dft_wlteh_webp_3""]","https://sns-video-hs.xhscdn.com/stream/79/110/259/01e8dbf4287f63f201037003999b35e8be_259.mp4",""
81,"68da2284000000000e026144","papi酱","https://www.xiaohongshu.com/user/profile/59b62f1550c4b47fbfa368d9","有福了家人们！这些东西买了能和家人一起用","4.8万","4670","955","561","2025/10/13","【本期视频有一位蓝胖子客户】
#海龟爸爸蓝胖子特护霜[话题]#","[""#海龟爸爸蓝胖子特护霜""]","https://www.xiaohongshu.com/user/profile/59b62f1550c4b47fbfa368d9/68da2284000000000e026144?xsec_token=ABjMkk9m_w_K69OzNJKbSF7lMhcBPDN9SLMgHk7g_wfHs=&xsec_source=pc_user","[""https://sns-webpic-qc.xhscdn.com/202603230134/ce79a2c7a82895b67f606724084aea50/spectrum/1040g34o31n0m0v6cks1049pjunnhaq6phk0t4mg!nd_dft_wlteh_webp_3""]","https://sns-video-hs.xhscdn.com/stream/79/110/259/01e8ec92c97fef600103700399dc229ebf_259.mp4",""
82,"68d8d14e000000001300c434","papi酱","https://www.xiaohongshu.com/user/profile/59b62f1550c4b47fbfa368d9","这些瓶之所以能空，责任都在他们自身","2万","7396","617","663","2025/09/28","【本期视频客户在另一个平台】","[]","https://www.xiaohongshu.com/user/profile/59b62f1550c4b47fbfa368d9/68d8d14e000000001300c434?xsec_token=ABF44OAkyg0sfIvhowdbRnhWPY-WNsnP3R2udsSOaJgIU=&xsec_source=pc_user","[""https://sns-webpic-qc.xhscdn.com/202603230134/b716689e562c69f9e31de57f84dcf04a/spectrum/1040g0k031mvdoh4tkq0049pjunnhaq6p9t3oteg!nd_dft_wlteh_webp_3""]","https://sns-video-hs.xhscdn.com/stream/1/110/259/01e8d8d14ebe92b801037003998ef6dc3b_259.mp4",""
83,"68d66352000000000e03119d","papi酱","https://www.xiaohongshu.com/user/profile/59b62f1550c4b47fbfa368d9","贵在刀刃上！是时候犒劳自己啦！","2万","4049","714","904","2025/09/26","【本期视频客户贵有贵的道理！】","[]","https://www.xiaohongshu.com/user/profile/59b62f1550c4b47fbfa368d9/68d66352000000000e03119d?xsec_token=AB3nYLCsVBFo51AfUdrFnvP2eMTbp66RcoW3A6PMwcoOs=&xsec_source=pc_user","[""https://sns-webpic-qc.xhscdn.com/202603230134/f9eb269f4b8ded81bc529f3c17a7ed65/spectrum/1040g34o31mt0b77q521049pjunnhaq6pdt498pg!nd_dft_wlteh_webp_3""]","https://sns-video-hs.xhscdn.com/stream/1/110/259/01e8d66353143b4801037003998579c3ef_259.mp4",""
84,"68d3c664000000001301f1ba","papi酱","https://www.xiaohongshu.com/user/profile/59b62f1550c4b47fbfa368d9","在家在外都需要安全感！这些东西到哪都要用","1.2万","2786","648","548","2025/09/24","【本期视频有一位很来电的老朋友】
#图拉斯[话题]#","[""#图拉斯""]","https://www.xiaohongshu.com/user/profile/59b62f1550c4b47fbfa368d9/68d3c664000000001301f1ba?xsec_token=AB_lkrKYPZoUf8EX5GJjkh4kGGZrCxfGQWJDTHJ0QI7uI=&xsec_source=pc_user","[""https://sns-webpic-qc.xhscdn.com/202603230134/25ca5726526098ce9b46a187e327d2f0/spectrum/1040g34o31mqfdevjl08049pjunnhaq6psduutao!nd_dft_wlteh_webp_3""]","https://sns-video-hs.xhscdn.com/stream/1/110/259/01e8d3c4d72b13ac01037003997b44d784_259.mp4",""
85,"68d39b9c000000001300fa6e","papi酱","https://www.xiaohongshu.com/user/profile/59b62f1550c4b47fbfa368d9","热烈欢迎孙怡！","2.4万","1551","2041","1346","2025/09/27","看看她@孙怡 都买了些什么稀奇古怪的玩意！
【本期视频客户双能焕白】
#妮维雅630双能瓶[话题]#","[""#妮维雅630双能瓶""]","https://www.xiaohongshu.com/user/profile/59b62f1550c4b47fbfa368d9/68d39b9c000000001300fa6e?xsec_token=AB_lkrKYPZoUf8EX5GJjkh4uBO3p_292UPPp0wyxEXApM=&xsec_source=pc_user","[""https://sns-webpic-qc.xhscdn.com/202603230134/97109044c3b945b87c93f07738952feb/spectrum/1040g0k031mqa29tjku0049pjunnhaq6pl6l53go!nd_dft_wlteh_webp_3""]","https://sns-video-hs.xhscdn.com/stream/79/110/259/01e8d39b81179cb601037003997a9f6ed1_259.mp4",""
86,"68cd037c000000000e021c8e","papi酱","https://www.xiaohongshu.com/user/profile/59b62f1550c4b47fbfa368d9","两年一度月饼试吃！","3.2万","2440","1658","4533","2025/09/19","两年了，让我看看月饼界有没有进步！
【本期视频花好月圆庆中秋（无广）】","[]","https://www.xiaohongshu.com/user/profile/59b62f1550c4b47fbfa368d9/68cd037c000000000e021c8e?xsec_token=ABFOAlEy7LOACgcEA7SYo6D3UfveyErnVB9mR58ECXTYo=&xsec_source=pc_user","[""https://sns-webpic-qc.xhscdn.com/202603230134/34cc913f821b1ce137a0bd07542193f1/spectrum/1040g34o31mjri7nj501049pjunnhaq6poj0n4ho!nd_dft_wlteh_webp_3""]","https://sns-video-hs.xhscdn.com/stream/1/110/259/01e8ccfd6e38b55e010370039960e63fc8_259.mp4",""
87,"68d0ce53000000001101d9f5","papi酱","https://www.xiaohongshu.com/user/profile/59b62f1550c4b47fbfa368d9","当我说要有效，就有效了！的好东西","1.8万","4482","474","975","2025/09/22","【本期有一位法国“头部”产品赞助播出】","[]","https://www.xiaohongshu.com/user/profile/59b62f1550c4b47fbfa368d9/68d0ce53000000001101d9f5?xsec_token=ABXfuJTDwD18CeZZDVe3So_Lep9NHtq7W4GKAn608LlHs=&xsec_source=pc_user","[""https://sns-webpic-qc.xhscdn.com/202603230134/a8f0ee790fcc511b4f743274acadf35e/spectrum/1040g34o31mk29sbb4s1049pjunnhaq6p630f358!nd_dft_wlteh_webp_3""]","https://sns-video-hs.xhscdn.com/stream/1/110/259/01e8d0ce53b9f97501037003996fadad14_259.mp4",""
88,"68c7dd8f000000001d027bee","papi酱","https://www.xiaohongshu.com/user/profile/59b62f1550c4b47fbfa368d9","不多说了！太好用了家人们！","1.6万","4015","763","722","2025/09/24","【本期视频有一位宝宝面霜客户】
#戴可思金盏花面霜[话题]#","[""#戴可思金盏花面霜""]","https://www.xiaohongshu.com/user/profile/59b62f1550c4b47fbfa368d9/68c7dd8f000000001d027bee?xsec_token=ABWm9vd0gGslbjn-E8bri54vMlQFt6Gf2zl1TfW4IN80Y=&xsec_source=pc_user","[""https://sns-webpic-qc.xhscdn.com/202603230134/ea5ddcb117e2fe849ae421e88a4a94e0/spectrum/1040g0k031mequ7me500049pjunnhaq6pssq5od0!nd_dft_wlteh_webp_3""]","https://sns-video-hs.xhscdn.com/stream/79/110/259/01e8c9040bbe6c3c0103700399513bf699_259.mp4",""
89,"68c7ecea000000001d01f115","papi酱","https://www.xiaohongshu.com/user/profile/59b62f1550c4b47fbfa368d9","【搞笑】老板妈来了！！！（片尾有虚假预告","8.9万","2126","2532","7345","2025/09/15","","[]","https://www.xiaohongshu.com/user/profile/59b62f1550c4b47fbfa368d9/68c7ecea000000001d01f115?xsec_token=ABWm9vd0gGslbjn-E8bri54nP0B3JuPoHW4jARg6E1A_A=&xsec_source=pc_user","[""https://sns-webpic-qc.xhscdn.com/202603230134/29461cbe16151c233344080195b25ac1/spectrum/1040g0k031metsg9u520049pjunnhaq6po8qa890!nd_dft_wlteh_webp_3""]","https://sns-video-hs.xhscdn.com/stream/79/110/259/01e8c7eb2cbd887d01037003994cf754d7_259.mp4",""
90,"68c3e5b5000000001d022ba2","papi酱","https://www.xiaohongshu.com/user/profile/59b62f1550c4b47fbfa368d9","今非昔比！不知不觉我们第一时间就会买国货","2.3万","4368","733","1143","2025/09/15","【本期视频客户since1898】
#双妹玉容霜[话题]#","[""#双妹玉容霜""]","https://www.xiaohongshu.com/user/profile/59b62f1550c4b47fbfa368d9/68c3e5b5000000001d022ba2?xsec_token=ABVQjQE2SkrpwcZou96V1QYqI5ouRs_HMShRKzuCVPneQ=&xsec_source=pc_user","[""https://sns-webpic-qc.xhscdn.com/202603230134/4b1cf26ba2856f15a0c0a16ea9c2e3fd/spectrum/1040g0k031maub9um520049pjunnhaq6plt4qac8!nd_dft_wlteh_webp_3""]","https://sns-video-hs.xhscdn.com/stream/1/110/259/01e8c7a3afbcbe1e01037003994beaae4a_259.mp4",""
91,"68c11e54000000001c005380","papi酱","https://www.xiaohongshu.com/user/profile/59b62f1550c4b47fbfa368d9","包包里的“安全感”｜这些东西常驻我包","2.9万","4294","1727","776","2025/09/18","【本期视频客户连护翼都是纯棉的！】
#倍舒特[话题]#","[""#倍舒特""]","https://www.xiaohongshu.com/user/profile/59b62f1550c4b47fbfa368d9/68c11e54000000001c005380?xsec_token=AB3XSrkWp-3Wn29wavJVEze-9tbluTR3V0VKYUB4vdTlE=&xsec_source=pc_user","[""https://sns-webpic-qc.xhscdn.com/202603230134/0ec2860fb4c8baeda72b4269c858e985/spectrum/1040g34o31m8828u1ks1049pjunnhaq6pd7dird8!nd_dft_wlteh_webp_3""]","https://sns-video-hs.xhscdn.com/stream/79/110/259/01e8c1113cbdab27010370039932663e13_259.mp4",""
92,"68c152ca000000001d038048","papi酱","https://www.xiaohongshu.com/user/profile/59b62f1550c4b47fbfa368d9","热烈欢迎摇滚女王赵梦！","2.4万","1625","2408","2285","2025/09/10","摇滚女王@赵梦Kelsey 竟然变成了“造型师”！还带来了好多酷洛米！
【本期视频无广但又甜又酷】","[]","https://www.xiaohongshu.com/user/profile/59b62f1550c4b47fbfa368d9/68c152ca000000001d038048?xsec_token=AB3XSrkWp-3Wn29wavJVEze4h6avpdX7fTfIOiV5Cxi_Q=&xsec_source=pc_user","[""https://sns-webpic-qc.xhscdn.com/202603230134/5f159890f5f2485587353fd942df32e6/spectrum/1040g34o31m8fif5ml00g49pjunnhaq6p2mkn8b0!nd_dft_wlteh_webp_3""]","https://sns-video-hs.xhscdn.com/stream/1/110/259/01e8c1355607c51101037003993334f6c5_259.mp4",""
93,"68b6bd14000000001d01e9a4","papi酱","https://www.xiaohongshu.com/user/profile/59b62f1550c4b47fbfa368d9","就爱待在家！都怪它们让我不想出门","2.7万","6094","1541","1368","2025/09/02","【本期视频客户升降自如】
#源氏木语天猫超级品牌日[话题]#","[""#源氏木语天猫超级品牌日""]","https://www.xiaohongshu.com/user/profile/59b62f1550c4b47fbfa368d9/68b6bd14000000001d01e9a4?xsec_token=ABPgWYJCJzhZmMD1DSFoH7zF1TA8PjoupCeRCef_CvURk=&xsec_source=pc_user","[""https://sns-webpic-qc.xhscdn.com/202603230134/968ea6d74f2a727ea0bca553f7155039/spectrum/1040g0k031lu4asjsl20049pjunnhaq6peuu6acg!nd_dft_wlteh_webp_3""]","https://sns-video-hs.xhscdn.com/stream/79/110/259/01e8b6ba66bc849d010370039909dc3520_259.mp4",""
94,"68b6cfc0000000001c030d7c","papi酱","https://www.xiaohongshu.com/user/profile/59b62f1550c4b47fbfa368d9","天天种草大家的我！也被朋友们种草了！！","2.6万","1万","1362","1700","2025/09/02","【本期视频客户油皮朋友狂喜】
#C咖洗面奶[话题]#","[""#C咖洗面奶""]","https://www.xiaohongshu.com/user/profile/59b62f1550c4b47fbfa368d9/68b6cfc0000000001c030d7c?xsec_token=ABPgWYJCJzhZmMD1DSFoH7zIUU6D7kZlLRbs-OYfmuBRI=&xsec_source=pc_user","[""https://sns-webpic-qc.xhscdn.com/202603230134/2fcd1fadcd550bc6bb0b7a41677d110e/spectrum/1040g0k031lu6focfl20049pjunnhaq6pmdd98d8!nd_dft_wlteh_webp_3""]","https://sns-video-hs.xhscdn.com/stream/1/110/259/01e8b6cf0807d4b101037003990a21e51b_259.mp4",""
95,"68ae95fa000000001b020245","papi酱","https://www.xiaohongshu.com/user/profile/59b62f1550c4b47fbfa368d9","太细节了！从头到脚底板，全都照顾到！","1.5万","3277","610","985","2025/08/27","【本期视频精致无广】","[]","https://www.xiaohongshu.com/user/profile/59b62f1550c4b47fbfa368d9/68ae95fa000000001b020245?xsec_token=AB1zaa-_jWdntTJJ9fZ7h3FQirAa3JzQVVFcAyDCthMgE=&xsec_source=pc_user","[""https://sns-webpic-qc.xhscdn.com/202603230134/39e4d3a03c589b5dd8847465e9c2b6ed/spectrum/1040g0k031lm601ka4s0049pjunnhaq6puiju1dg!nd_dft_wlteh_webp_3""]","https://sns-video-hs.xhscdn.com/stream/1/110/259/01e8ae8b45b87f2a0103700398e9ff9c42_259.mp4",""
96,"68ad728b000000001d0271e6","papi酱","https://www.xiaohongshu.com/user/profile/59b62f1550c4b47fbfa368d9","老品牌出的新东西！还得是老朋友啊👍","9506","1327","627","541","2025/08/26","【本期视频有一位瞬顺的护发客户】","[]","https://www.xiaohongshu.com/user/profile/59b62f1550c4b47fbfa368d9/68ad728b000000001d0271e6?xsec_token=ABYEHU_70zrvD5i41pfi7ekZ7N5BA29QJraE5PNclq8sI=&xsec_source=pc_user","[""https://sns-webpic-qc.xhscdn.com/202603230134/764d3774ce218c5dc8b4e7e1e133623a/spectrum/1040g34o31ll2b7qc501049pjunnhaq6pcn27m70!nd_dft_wlteh_webp_3""]","https://sns-video-hs.xhscdn.com/stream/1/110/259/01e8ad7238b754320103700398e58dfd55_259.mp4",""
97,"68aec7b4000000001d021a75","papi酱","https://www.xiaohongshu.com/user/profile/59b62f1550c4b47fbfa368d9","热烈欢迎主持人戴军来玩～","9.6万","1.2万","1419","3万","2025/08/27","笑疯了的一期。﻿@戴军﻿ 军哥真乃“娱乐圈故事会”！
【本期视频无广太可惜】","[]","https://www.xiaohongshu.com/user/profile/59b62f1550c4b47fbfa368d9/68aec7b4000000001d021a75?xsec_token=AB1zaa-_jWdntTJJ9fZ7h3FY5sCQu-0pjyROOX0GXBa2U=&xsec_source=pc_user","[""https://sns-webpic-qc.xhscdn.com/202603230134/07be0ff62397605a15301a0c6123ff1e/spectrum/1040g34o31lmamg40l01049pjunnhaq6pnj2a6rg!nd_dft_wlteh_webp_3""]","https://sns-video-hs.xhscdn.com/stream/1/110/259/01e8aec766b752890103700398eac89392_259.mp4",""
98,"68a6cf6e000000001b01ce5d","papi酱","https://www.xiaohongshu.com/user/profile/59b62f1550c4b47fbfa368d9","我们全家Q3季度的零食必吃榜🏅️","3.1万","6251","2603","2622","2025/08/21","大人小孩和猫咪！
【本期视频Q4广告位招租中】","[]","https://www.xiaohongshu.com/user/profile/59b62f1550c4b47fbfa368d9/68a6cf6e000000001b01ce5d?xsec_token=AB5HGtc9_y9JOQH68ffU83ycWeMwD4OZ2PVAWOkNHEFrY=&xsec_source=pc_user","[""https://sns-webpic-qc.xhscdn.com/202603230134/c6a92eb7e11a56e12e95a25058b18480/spectrum/1040g0k031leis1l9500049pjunnhaq6ptab1i8o!nd_dft_wlteh_webp_3""]","https://sns-video-hs.xhscdn.com/stream/79/110/259/01e8a6cf64bcebee0103700398cba04eab_259.mp4",""
99,"68a30b96000000001b033b82","papi酱","https://www.xiaohongshu.com/user/profile/59b62f1550c4b47fbfa368d9","我们的爱用好搭子！它们就是天生一对！","1.3万","2110","862","317","2025/08/18","【本期视频由一对cp赞助播出】
﻿#CPB钻光日夜霜[话题]#﻿","[""#CPB钻光日夜霜""]","https://www.xiaohongshu.com/user/profile/59b62f1550c4b47fbfa368d9/68a30b96000000001b033b82?xsec_token=AB4oho-WFtr8ZQonUgxijujsx9aUiudP1iAg_Lj4OX-Os=&xsec_source=pc_user","[""https://sns-webpic-qc.xhscdn.com/202603230134/a2e00b2437822fd9224a33f758e994cc/spectrum/1040g0k031las6obl500049pjunnhaq6pe9rpkf0!nd_dft_wlteh_webp_3""]","https://sns-video-hs.xhscdn.com/stream/79/110/259/01e8a303f4bc07560103700398bceaf05c_259.mp4",""
100,"68a6a852000000001c01382f","papi酱","https://www.xiaohongshu.com/user/profile/59b62f1550c4b47fbfa368d9","pa医生坐诊了！想当明星？先挂pa大夫的号！","10万+","5386","7141","2.7万","2025/08/21","","[]","https://www.xiaohongshu.com/user/profile/59b62f1550c4b47fbfa368d9/68a6a852000000001c01382f?xsec_token=AB5HGtc9_y9JOQH68ffU83ya-CKGbLpqorhJeuBLHzcS8=&xsec_source=pc_user","[""https://sns-webpic-qc.xhscdn.com/202603230134/09bd9c98e1ca98d2aaa17607b536148a/spectrum/1040g0k031lee4u99523g49pjunnhaq6p3gmr9d8!nd_dft_wlteh_webp_3""]","https://sns-video-hs.xhscdn.com/stream/79/110/259/01e8a6a7c7bc15b80103700398cb0e2ad3_259.mp4",""
101,"689d7b2a000000001d022177","papi酱","https://www.xiaohongshu.com/user/profile/59b62f1550c4b47fbfa368d9","只是好看可不行！这些好物好心动的小巧思","4.6万","7452","1042","863","2025/08/14","【本期视频客户有权杖诶👸】﻿#阿芙权杖眼油[话题]#﻿","[""#阿芙权杖眼油""]","https://www.xiaohongshu.com/user/profile/59b62f1550c4b47fbfa368d9/689d7b2a000000001d022177?xsec_token=ABD_7sA6NgvRiIDhgdk4ZzYpP7ul6QewqheSdeMCAbsPM=&xsec_source=pc_user","[""https://sns-webpic-qc.xhscdn.com/202603230134/e605277ab73b3ac4f0ce3008409f3a78/spectrum/1040g0k031l5f5au22a0049pjunnhaq6pqacqv6g!nd_dft_wlteh_webp_3""]","https://sns-video-hs.xhscdn.com/stream/1/110/259/01e89d7ab1b750570103700398a73f200f_259.mp4",""
102,"68999af90000000022039b6c","papi酱","https://www.xiaohongshu.com/user/profile/59b62f1550c4b47fbfa368d9","热烈欢迎李维嘉～","10万+","5.4万","1.1万","5.6万","2025/08/11","﻿@李维嘉﻿ 他来了他来了他带着清洁好物走来了！（这期打扫爱好者狂喜！
【本期视频等一位爱干净的客户】","[]","https://www.xiaohongshu.com/user/profile/59b62f1550c4b47fbfa368d9/68999af90000000022039b6c?xsec_token=ABR_RD3YTrUir3qIzRBPRA1fNrkdUjMZs5DSJsrh-_Zmg=&xsec_source=pc_user","[""https://sns-webpic-qc.xhscdn.com/202603230134/1622cb11c0036e20a1ff5fee32a5c4b0/spectrum/1040g0k031l1nhgjlig1g49pjunnhaq6pika8i40!nd_dft_wlteh_webp_3""]","https://sns-video-hs.xhscdn.com/stream/1/110/259/01e899908cb2572b0103700398981784fc_259.mp4",""
103,"689086d60000000022020af5","papi酱","https://www.xiaohongshu.com/user/profile/59b62f1550c4b47fbfa368d9","新用上但超惊艳好物分享（新不新我们说了算","1.4万","1825","557","268","2025/08/04","【本期视频客户让发丝柔·顺·亮】","[]","https://www.xiaohongshu.com/user/profile/59b62f1550c4b47fbfa368d9/689086d60000000022020af5?xsec_token=ABqg6ueKWEcQJ2LfBAarXSjXm8aCRSC58lmCkp183H7SE=&xsec_source=pc_user","[""https://sns-webpic-qc.xhscdn.com/202603230134/af95e25291c3b837d1f27d439b0e8cfc/spectrum/1040g34o31koqa8b4k80g49pjunnhaq6ph36gl68!nd_dft_wlteh_webp_3""]","https://sns-video-hs.xhscdn.com/stream/79/110/259/01e89084ffb2c8d001037003987493312f_259.mp4",""
104,"68944ee30000000005006ec0","papi酱","https://www.xiaohongshu.com/user/profile/59b62f1550c4b47fbfa368d9","【搞笑】重生之我在清宫当ceo！","7.9万","4020","3413","3万","2025/08/07","","[]","https://www.xiaohongshu.com/user/profile/59b62f1550c4b47fbfa368d9/68944ee30000000005006ec0?xsec_token=AB_VqrPnhcOwcQQF_RNJoEoow1ahyjzWHXtO3cLEybILw=&xsec_source=pc_user","[""https://sns-webpic-qc.xhscdn.com/202603230134/97b5648eb0b443b1a34bb08f5ba73bd6/spectrum/1040g0k031ksgqdomjq0049pjunnhaq6pas7uang!nd_dft_wlteh_webp_3""]","https://sns-video-hs.xhscdn.com/stream/1/110/259/01e8944d95b5d6d101037003988359b586_259.mp4",""
105,"688c605e0000000003024c39","papi酱","https://www.xiaohongshu.com/user/profile/59b62f1550c4b47fbfa368d9","懒得思考不如拿来就用！我的不出错好物","2.6万","4307","855","507","2025/08/25","【本期视频由一位数字客户赞助播出】
﻿#943磨皮水乳[话题]#﻿","[""#943磨皮水乳""]","https://www.xiaohongshu.com/user/profile/59b62f1550c4b47fbfa368d9/688c605e0000000003024c39?xsec_token=AB0AajMWb9H7xW0QoYVcqnnnAsJHxAQtbVDtQ4C9B5skc=&xsec_source=pc_user","[""https://sns-webpic-qc.xhscdn.com/202603230134/9f7bc1b59ae7b8524461769f99b092c2/spectrum/1040g0k031kkobjvkig0049pjunnhaq6pmdfe2d8!nd_dft_wlteh_webp_3""]","https://sns-video-hs.xhscdn.com/stream/1/110/259/01e8ac4775b759a00103700398e0fe73ff_259.mp4",""
106,"6888922a000000000500ba69","papi酱","https://www.xiaohongshu.com/user/profile/59b62f1550c4b47fbfa368d9","热烈欢迎倪萍老师！啥也不说了，看吧！","4.4万","3379","2832","4043","2025/07/29","【本期视频无广但有人收到4个包！】","[]","https://www.xiaohongshu.com/user/profile/59b62f1550c4b47fbfa368d9/6888922a000000000500ba69?xsec_token=AB_Iq8ISVaOaLomzqppZAqJdTEfvAE5wAagCo-znAAcHQ=&xsec_source=pc_user","[""https://sns-webpic-qc.xhscdn.com/202603230134/569207b5f2b28e17eb21e7281f049b42/spectrum/1040g0k031kh21cvgj60049pjunnhaq6pb6q3o08!nd_dft_wlteh_webp_3""]","https://sns-video-hs.xhscdn.com/stream/1/110/259/01e888911b04f2e301037003985586d23b_259.mp4",""
107,"68888e660000000023025daf","papi酱","https://www.xiaohongshu.com/user/profile/59b62f1550c4b47fbfa368d9","别犹豫了！这些东西风很大但入手真不亏","1.6万","3245","627","403","2025/07/30","【本期视频客户让纹路淡淡的哦】","[]","https://www.xiaohongshu.com/user/profile/59b62f1550c4b47fbfa368d9/68888e660000000023025daf?xsec_token=AB_Iq8ISVaOaLomzqppZAqJUgQsTDpB0T_wLhuL8EGc7c=&xsec_source=pc_user","[""https://sns-webpic-qc.xhscdn.com/202603230134/d412b36abcb531fbf27a005dabaa124f/spectrum/1040g34o31kgtl6l22g1049pjunnhaq6pstttlso!nd_dft_wlteh_webp_3""]","https://sns-video-hs.xhscdn.com/stream/1/110/259/01e8886eb104d6cc01037003985574f530_259.mp4",""
108,"6881db71000000001202e4f6","papi酱","https://www.xiaohongshu.com/user/profile/59b62f1550c4b47fbfa368d9","《当代砍价类型大全》","6万","2297","2738","6649","2025/07/24","","[]","https://www.xiaohongshu.com/user/profile/59b62f1550c4b47fbfa368d9/6881db71000000001202e4f6?xsec_token=ABj7Nx1y9Hvsedumb-3_At4JdP0Gq1UOiUmb7fnuTpBiY=&xsec_source=pc_user","[""https://sns-webpic-qc.xhscdn.com/202603230134/ce6a2b6ad8975fa5f5569563d7666f9a/spectrum/1040g0k031kag7mkq3q0049pjunnhaq6pqc7lprg!nd_dft_wlteh_webp_3""]","https://sns-video-hs.xhscdn.com/stream/79/110/259/01e881d63f8285d801037003983b42cc4a_259.mp4",""
109,"687dd06c000000001c03547b","papi酱","https://www.xiaohongshu.com/user/profile/59b62f1550c4b47fbfa368d9","让我眼前一亮又一亮！忍不住与你分享！的好物","9228","1801","649","320","2025/07/21","【本期视频闪亮无广✨】","[]","https://www.xiaohongshu.com/user/profile/59b62f1550c4b47fbfa368d9/687dd06c000000001c03547b?xsec_token=ABsoWDk2NOH7iq9h3KGI4OAm9YjDwvGshYatlCytIyBss=&xsec_source=pc_user","[""https://sns-webpic-qc.xhscdn.com/202603230134/ff733e60e51b9720d2116cf417703d2a/1040g2sg31k6hojim30l049pjunnhaq6pc3plvg0!nd_dft_wlteh_webp_3""]","https://sns-video-hs.xhscdn.com/stream/79/110/259/01e87dcfc582247801037003982b7942ed_259.mp4",""
110,"6876375800000000150203ac","papi酱","https://www.xiaohongshu.com/user/profile/59b62f1550c4b47fbfa368d9","热烈欢迎谢楠！","5.7万","4827","5138","1.1万","2025/07/15","﻿@谢楠﻿ 她带来的东西太怪了真的太怪了！！！但是真的又好笑又有趣，不愧是能登上珠峰的女人。
【本期视频只有怪东西没有客户】","[]","https://www.xiaohongshu.com/user/profile/59b62f1550c4b47fbfa368d9/6876375800000000150203ac?xsec_token=ABpQ7MECCGmSQ8lrLD4z_OD2Ow4ltEf3qlZdBWsKX5uUE=&xsec_source=pc_user","[""https://sns-webpic-qc.xhscdn.com/202603230134/ddd24b43e8fb7c606150339b7389bf1f/spectrum/1040g0k031jv3rkmq480049pjunnhaq6pa4q1lbg!nd_dft_wlteh_webp_3""]","https://sns-video-hs.xhscdn.com/stream/1/110/259/01e8763725700cbf01037003980dd8ec0d_259.mp4",""
111,"686f55f20000000012021faf","papi酱","https://www.xiaohongshu.com/user/profile/59b62f1550c4b47fbfa368d9","【搞笑】好油腻的求职者。小心不要爱上我。","10万+","6208","1.4万","5.1万","2025/07/10","呵，开个玩笑（wink","[]","https://www.xiaohongshu.com/user/profile/59b62f1550c4b47fbfa368d9/686f55f20000000012021faf?xsec_token=ABfF3Ck48zQ0va7NgXgUEwsS-Fr2L2k8_MK0EtaTZnBGY=&xsec_source=pc_user","[""https://sns-webpic-qc.xhscdn.com/202603230134/b610ecc7eada7284f80d38811d9194c3/spectrum/1040g0k031jodbur93q0049pjunnhaq6p2hqr938!nd_dft_wlteh_webp_3""]","https://sns-video-hs.xhscdn.com/stream/1/110/259/01e86f503a17b6b60103700397f2eadfc3_259.mp4",""
112,"6864e27d000000001202e0a9","papi酱","https://www.xiaohongshu.com/user/profile/59b62f1550c4b47fbfa368d9","常备在桌！让桌前时间好充实的桌前好物","3万","7571","2019","1274","2025/07/02","【本期视频客户随时为你“撑腰”】
﻿#BKT护腰坐姿椅[话题]#﻿","[""#BKT护腰坐姿椅""]","https://www.xiaohongshu.com/user/profile/59b62f1550c4b47fbfa368d9/6864e27d000000001202e0a9?xsec_token=ABRU68ZLefrDeV9OYZTuUJtzgnDreIEyeVReg32_fTU5I=&xsec_source=pc_user","[""https://sns-webpic-qc.xhscdn.com/202603230134/faf777760b62be0cc8a4ff564fe56880/spectrum/1040g34o31je5om3m2g1g49pjunnhaq6p071bjq8!nd_dft_wlteh_webp_3""]","https://sns-video-hs.xhscdn.com/stream/1/110/259/01e864ddf71780260103700397ca1bba47_259.mp4",""
113,"686b5e3a000000002001b49d","papi酱","https://www.xiaohongshu.com/user/profile/59b62f1550c4b47fbfa368d9","细水长流是很好，可这些东西一用就有效诶！","1.5万","5343","564","781","2025/07/07","【本期视频广告位开放】","[]","https://www.xiaohongshu.com/user/profile/59b62f1550c4b47fbfa368d9/686b5e3a000000002001b49d?xsec_token=ABQMAIlM9PLpT0d4Uy_Z7YxWFi4DNKrj-Tv_xEcVIpVQI=&xsec_source=pc_user","[""https://sns-webpic-qc.xhscdn.com/202603230134/f799f6b2cdb812853bf89d5e1bed43c4/1040g2sg31jkfcug830f049pjunnhaq6pnu6hmi8!nd_dft_wlteh_webp_3""]","https://sns-video-hs.xhscdn.com/stream/1/110/259/01e86b5e39179ca60103700397e36dbe04_259.mp4",""
114,"6864fc48000000001203efe5","papi酱","https://www.xiaohongshu.com/user/profile/59b62f1550c4b47fbfa368d9","热烈欢迎王耀庆！","2.9万","2469","2356","3240","2025/07/02","来看看这位从头吃到尾的嘉宾﻿@王耀庆﻿ 带来了什么好吃的和好玩的吧～（他真的，好喜欢，吃零食，啊！
【本期视频无广从头吃到尾】","[]","https://www.xiaohongshu.com/user/profile/59b62f1550c4b47fbfa368d9/6864fc48000000001203efe5?xsec_token=ABRU68ZLefrDeV9OYZTuUJt0S6nilHqvvCcsGS6JeMwEo=&xsec_source=pc_user","[""https://sns-webpic-qc.xhscdn.com/202603230134/29b3192946e790d95e43012818e59bed/spectrum/1040g0k031je8nb3v2i0049pjunnhaq6phtr6vjg!nd_dft_wlteh_webp_3""]","https://sns-video-hs.xhscdn.com/stream/79/110/259/01e864fba84915240103700397ca829fb0_259.mp4",""
115,"686252ed0000000012021800","papi酱","https://www.xiaohongshu.com/user/profile/59b62f1550c4b47fbfa368d9","今天是家电博主小姜！看看新置办的家用电器","3.2万","1.4万","2794","3933","2025/07/01","【本期视频全是自用家电哦！】","[]","https://www.xiaohongshu.com/user/profile/59b62f1550c4b47fbfa368d9/686252ed0000000012021800?xsec_token=ABimg2pz28VVDAP8OI5RIRhjyeIgB07lwITUAPWAWw-J8=&xsec_source=pc_user","[""https://sns-webpic-qc.xhscdn.com/202603230134/710a52a11b2a17d7f7fe8e147132e13d/spectrum/1040g0k031jbm4o0u2a1049pjunnhaq6pkp5feh8!nd_dft_wlteh_webp_3""]","https://sns-video-hs.xhscdn.com/stream/79/110/259/01e8636b876655bd0103700397c4a60eae_259.mp4",""
116,"685cf4f3000000001203d90f","papi酱","https://www.xiaohongshu.com/user/profile/59b62f1550c4b47fbfa368d9","我的一天，身兼数职","6.4万","2067","1701","8358","2025/06/26","﻿#小红书演我大赛[话题]#﻿","[""#小红书演我大赛""]","https://www.xiaohongshu.com/user/profile/59b62f1550c4b47fbfa368d9/685cf4f3000000001203d90f?xsec_token=ABz5CfAzJd5WZkTM29VEgfUvBO0gnl63An1xwv_sCGYME=&xsec_source=pc_user","[""https://sns-webpic-qc.xhscdn.com/202603230135/8b1d97ca2ff6b19784cd6ad96fabbefe/spectrum/1040g34o31j6eru2e2e1049pjunnhaq6pdk70110!nd_dft_wlteh_webp_3""]","https://sns-video-hs.xhscdn.com/stream/1/110/259/01e85cf1b217190b0103700397ab1e2816_259.mp4",""
117,"685a4537000000002203e2e7","papi酱","https://www.xiaohongshu.com/user/profile/59b62f1550c4b47fbfa368d9","这几个不怕卷的国货，是个顶个地好用！","3.7万","2万","1334","2030","2025/06/29","【本期视频客户要一按到底激活哦】
#韩束X肽精华[话题]#","[""#韩束X肽精华""]","https://www.xiaohongshu.com/user/profile/59b62f1550c4b47fbfa368d9/685a4537000000002203e2e7?xsec_token=ABCOxxzWzlGfCdfseF_1q9o8UWQlEB3fVhI_CHCpoOq9Q=&xsec_source=pc_user","[""https://sns-webpic-qc.xhscdn.com/202603230135/453e7499bd007805888814abfc3df030/spectrum/1040g0k031j3ql66o0u0049pjunnhaq6pt8u31ko!nd_dft_wlteh_webp_3""]","https://sns-video-hs.xhscdn.com/stream/1/110/259/01e85bbe001721810103700397a665a577_259.mp4",""
118,"68512621000000002100e9ca","papi酱","https://www.xiaohongshu.com/user/profile/59b62f1550c4b47fbfa368d9","热烈欢迎朱孝天！","3.2万","3895","3033","5205","2025/06/17","恋旧也爱探新，﻿@朱孝天﻿ 带来的好物每个都有小故事，而我们带来的好物他每个都知道是为什么啊！！！
【本期视频客户让养宠没烦恼】","[]","https://www.xiaohongshu.com/user/profile/59b62f1550c4b47fbfa368d9/68512621000000002100e9ca?xsec_token=ABLVDBRbSEKkzZsLZIrIsblj3OIyCF5ndSzPZc54bLLSQ=&xsec_source=pc_user","[""https://sns-webpic-qc.xhscdn.com/202603230135/bbeb82c4f532a048297601d51b0b321c/spectrum/1040g34o31iqt4t0f0m1049pjunnhaq6prnf4nc8!nd_dft_wlteh_webp_3""]","https://sns-video-hs.xhscdn.com/stream/79/110/259/01e85125f166639301037003977d06deb0_259.mp4",""
119,"684bd393000000002100d09a","papi酱","https://www.xiaohongshu.com/user/profile/59b62f1550c4b47fbfa368d9","母婴博主姜阿姨📶分享近期中咪用的好东西","1.3万","4396","842","802","2025/06/17","【本期视频由一位哞星人赞助播出】","[]","https://www.xiaohongshu.com/user/profile/59b62f1550c4b47fbfa368d9/684bd393000000002100d09a?xsec_token=ABSzm-MbE_1knxX58upy-1AEx8Pu2NvrO-HSFZhK2Mg3o=&xsec_source=pc_user","[""https://sns-webpic-qc.xhscdn.com/202603230135/6977077133feab252de73974e3a5557a/spectrum/1040g34o31ilmov61gs0g49pjunnhaq6pf191el8!nd_dft_wlteh_webp_3""]","https://sns-video-hs.xhscdn.com/stream/79/110/259/01e85127777e028b01037003977d123448_259.mp4",""
120,"684c0949000000002100d200","papi酱","https://www.xiaohongshu.com/user/profile/59b62f1550c4b47fbfa368d9","你可能不认识我，但……","10万+","4540","4179","9565","2025/06/13","","[]","https://www.xiaohongshu.com/user/profile/59b62f1550c4b47fbfa368d9/684c0949000000002100d200?xsec_token=ABGPs-zsrKDjFzSGlhHcKtGNUsz59tu-sCGTzAd61cXcQ=&xsec_source=pc_user","[""https://sns-webpic-qc.xhscdn.com/202603230135/5f41868f82df743f56524cb41102fbe1/spectrum/1040g0k031ilu91c0gm1g49pjunnhaq6p3ebjii0!nd_dft_wlteh_webp_3""]","https://sns-video-hs.xhscdn.com/stream/79/110/259/01e84c0892667e87010370039769048ee1_259.mp4",""
121,"68493d080000000003039873","papi酱","https://www.xiaohongshu.com/user/profile/59b62f1550c4b47fbfa368d9","办公室赛博旅行，顺便推荐一些元气满满好物","9668","1130","619","423","2025/06/16","【本期视频有一位元气满满的防脱客户】
	
#卡诗元气姜精华[话题]#","[""#卡诗元气姜精华""]","https://www.xiaohongshu.com/user/profile/59b62f1550c4b47fbfa368d9/68493d080000000003039873?xsec_token=AB1xHiqXfMnWpLj-D0B1auSQXECE-5hdI6-q0QfQievLc=&xsec_source=pc_user","[""https://sns-webpic-qc.xhscdn.com/202603230135/a60540c162e7551283b7ae475094a79b/spectrum/1040g0k031ij6e08lni0049pjunnhaq6pjd055mo!nd_dft_wlteh_webp_3""]","https://sns-video-hs.xhscdn.com/stream/79/110/259/01e8493ca049179101037003975e1b299f_259.mp4",""
122,"6842c825000000000f03ba0d","papi酱","https://www.xiaohongshu.com/user/profile/59b62f1550c4b47fbfa368d9","夏天！它来了！趁热分享一些初夏好物！","1.5万","3439","662","687","2025/06/06","【本期视频用无广开启夏天】","[]","https://www.xiaohongshu.com/user/profile/59b62f1550c4b47fbfa368d9/6842c825000000000f03ba0d?xsec_token=ABIl7wcNQLVY7-n3L2-BO9PIymEYSGoOTZcdC2Sbj2diM=&xsec_source=pc_user","[""https://sns-webpic-qc.xhscdn.com/202603230135/17b8defbadbc93035accb6e7fc9506b9/spectrum/1040g34o31ict4vi57m1049pjunnhaq6pqhevd70!nd_dft_wlteh_webp_3""]","https://sns-video-hs.xhscdn.com/stream/1/110/259/01e842c236134139010370039744e3982e_259.mp4",""
123,"68416197000000000f0387b7","papi酱","https://www.xiaohongshu.com/user/profile/59b62f1550c4b47fbfa368d9","我的变老小分享～都是一些压箱底的方法哦！","10万+","8783","9256","5.3万","2025/06/05","（本期视频招商中
﻿#在小红书轻养生[话题]#﻿","[""#在小红书轻养生""]","https://www.xiaohongshu.com/user/profile/59b62f1550c4b47fbfa368d9/68416197000000000f0387b7?xsec_token=ABAkTtHG_dgUFo6QcEaHjHrCCp3BtY4Nm6sI2yYKZ5HnM=&xsec_source=pc_user","[""https://sns-webpic-qc.xhscdn.com/202603230135/2a74b14079a895f943a4e60679fc4eff/spectrum/1040g34o31ibhb3brni1049pjunnhaq6p7gjuukg!nd_dft_wlteh_webp_3""]","https://sns-video-hs.xhscdn.com/stream/79/110/259/01e84160ea7e0dff01037003973f67a284_259.mp4",""
124,"6841742e000000001200518c","papi酱","https://www.xiaohongshu.com/user/profile/59b62f1550c4b47fbfa368d9","好“随便”啊！随便用用就很好用了啦！","1.5万","2886","826","449","2025/06/05","【本期视频随便看看没有广告】","[]","https://www.xiaohongshu.com/user/profile/59b62f1550c4b47fbfa368d9/6841742e000000001200518c?xsec_token=ABAkTtHG_dgUFo6QcEaHjHrHuuogK5SWHjXBorWzWNKtA=&xsec_source=pc_user","[""https://sns-webpic-qc.xhscdn.com/202603230135/2ed2c732dcde12ef6f1f949c1684c8eb/spectrum/1040g34o31ibhr4mpno1049pjunnhaq6pvclm0io!nd_dft_wlteh_webp_3""]","https://sns-video-hs.xhscdn.com/stream/79/110/259/01e84165677e26eb01037003973fb30e06_259.mp4",""
